frame,player_1_x,player_1_y,player_2_x,player_2_y,player_3_x,player_3_y,far_player_x,far_player_y,player_4_x,player_4_y,ball_x,ball_y,player_5_x,player_5_y
0,591.4311,886.64984,1066.711181640625,250.7373504638672,1615.8966064453125,282.1441650390625,1069.739,252.41087,,,,,,
1,593.007,887.12036,1066.40966796875,250.79847717285156,1616.6136474609375,281.18829345703125,1069.8667,252.46405,,,,,,
2,594.3604,887.64716,1065.7515869140625,251.07215881347656,1617.547119140625,280.9287109375,1069.9797,252.83148,,,,,,
3,595.63416,888.70795,1065.3568115234375,250.6195526123047,1618.1077880859375,280.7187194824219,1068.8818,253.09842,,,,,,
4,595.2607,888.2619,1065.382080078125,250.8321533203125,1618.3201904296875,281.27716064453125,1068.4423,253.19884,,,,,,
5,596.41504,887.6739,1065.3359375,251.07723999023438,1618.5172119140625,280.9215087890625,1068.6077,253.33623,,,,,,
6,596.8191,888.1053,1065.393310546875,251.99815368652344,1618.86083984375,279.6278076171875,1068.4836,253.29832,,,,,,
7,597.31067,888.04254,1065.243408203125,251.32928466796875,1618.8662109375,281.0869140625,1067.4958,252.5316,,,,,,
8,597.7597,887.66205,1065.3365478515625,250.7381134033203,1619.246826171875,280.5069580078125,1067.5686,252.71986,,,,,,
9,598.14404,888.84357,1065.316650390625,250.47328186035156,1620.2197265625,280.30291748046875,1067.3752,253.14632,,,,,,
10,597.97986,888.44196,1065.330810546875,250.4402618408203,1620.463623046875,281.4879455566406,1067.2225,253.13179,,,,,,
11,597.8978,888.2377,1065.304443359375,250.2190399169922,1621.2242431640625,283.130859375,1067.1653,252.95488,,,,,,
12,598.2946,889.6219,1065.42578125,250.14788818359375,1621.594482421875,282.13311767578125,1067.1233,252.44977,,,,,,
13,598.9739,890.0296,1065.5654296875,250.24855041503906,1622.1968994140625,282.4582214355469,1066.8912,252.24884,,,,,,
14,599.40045,890.2996,1065.7154541015625,250.10142517089844,,,1066.7949,253.10292,,,,,,
15,599.2612,891.07,1066.200927734375,250.02186584472656,,,1066.8789,253.10011,,,,,,
16,600.17065,890.91345,1066.160888671875,250.00086975097656,,,1066.9751,253.20174,,,,,,
17,600.251,890.5269,1066.1712646484375,250.283935546875,,,1067.1155,252.97002,,,,,,
18,600.3022,890.38434,1066.410400390625,250.2296905517578,,,1067.0618,253.10168,,,,,,
19,600.79517,890.70013,1066.56640625,249.2706298828125,,,1067.415,252.22893,,,,,,
20,601.1261,890.89056,1067.005859375,249.22445678710938,,,1067.2173,252.77068,,,,,,
21,601.72424,891.0769,1067.052001953125,249.3863525390625,,,1067.3585,253.07062,,,,,,
22,601.6868,891.1755,1066.9788818359375,249.5320587158203,,,1067.4111,253.10957,,,,,,
23,601.796,891.78394,1066.995361328125,248.9556427001953,1644.9539794921875,286.8273010253906,1067.2522,252.44637,,,,,,
24,601.72754,891.6424,1067.0040283203125,247.93881225585938,1646.67919921875,287.36572265625,1067.1145,252.3352,1646.7275390625,287.95556640625,,,,
25,601.8627,891.98456,1066.980224609375,248.58897399902344,1648.0986328125,287.08197021484375,1066.9204,252.62463,1648.0286865234375,287.66192626953125,,,,
26,601.9425,891.7104,1066.729736328125,248.70172119140625,1648.762939453125,287.050537109375,1066.2346,252.60455,,,,,,
27,602.06116,891.77014,1066.863525390625,248.3274688720703,,,1065.646,252.66815,,,,,,
28,602.1448,892.0446,1066.37255859375,248.228271484375,,,1065.3179,252.43166,,,,,,
29,602.5121,892.41144,1066.134765625,248.35679626464844,,,1064.9387,252.59615,,,,,,
30,602.3948,891.7277,1065.772705078125,247.91001892089844,,,1064.3777,252.08093,,,,,,
31,602.1806,891.3479,1064.6156005859375,247.51345825195312,,,1063.9558,252.57288,,,,,,
32,601.85315,890.5558,1064.1483154296875,247.17916870117188,,,1063.8354,252.32587,,,,,,
33,601.4679,890.82587,1064.0,247.6318359375,1670.1060791015625,289.9642333984375,1063.6833,252.2732,,,,,,
34,600.38434,891.3591,1064.012451171875,248.5002899169922,1670.4305419921875,289.15771484375,1063.3799,252.09528,,,,,,
35,599.31555,891.90985,1063.183349609375,248.3133087158203,1671.9560546875,289.15155029296875,1063.4023,252.1743,,,,,,
36,598.14966,892.12067,1062.628173828125,248.3898468017578,,,1063.2012,252.0096,,,,,,
37,598.18506,892.3795,1062.3260498046875,247.9499053955078,,,1063.5889,250.12267,,,,,,
38,597.843,892.05597,1061.43994140625,247.63014221191406,,,1062.9812,249.82579,,,,,,
39,597.3425,892.0152,1061.2327880859375,247.76829528808594,,,1063.3735,250.37508,,,,,,
40,596.97015,892.01935,1061.2130126953125,248.15634155273438,,,1063.5164,250.46773,,,,,,
41,596.495,891.2083,1061.318115234375,248.07504272460938,,,1063.0942,250.13622,,,,,,
42,595.93475,890.6897,1061.3486328125,248.0357208251953,,,1063.3635,251.60272,,,,,,
43,595.84656,889.51654,1061.6820068359375,248.8070068359375,,,1063.9812,251.19173,,,,,,
44,595.8337,888.1567,1061.713623046875,248.38966369628906,,,1064.4344,249.2787,,,,,,
45,595.6328,887.4006,1061.727783203125,248.01060485839844,,,1064.7258,250.48997,,,,,,
46,595.3065,887.8623,1061.953125,248.08924865722656,,,1064.8081,250.55559,,,,,,
47,594.8052,886.9069,1062.109130859375,247.82135009765625,1682.6832275390625,288.90777587890625,1065.31,251.37764,,,,,,
48,594.5719,887.3504,1062.2794189453125,248.0370635986328,,,1065.2971,251.40648,,,,,,
49,594.1206,887.549,1062.5047607421875,247.47779846191406,1683.173583984375,289.22357177734375,1065.2097,251.46796,,,,,,
50,593.1014,885.9177,1062.788818359375,247.57008361816406,,,1065.1807,251.34737,,,,,,
51,592.838,886.7474,1063.234130859375,247.962158203125,,,1065.6914,251.77332,,,,,,
52,592.4364,887.1691,1063.560791015625,247.9210968017578,,,1065.657,251.68073,,,,,,
53,592.19055,887.34686,1064.201416015625,247.90237426757812,1686.444091796875,291.02587890625,1066.3518,250.7044,,,,,,
54,591.97925,887.1786,1064.6544189453125,247.661376953125,,,1066.4958,250.52794,,,,,,
55,591.369,887.8543,1064.7850341796875,247.80638122558594,,,1066.3958,250.43976,,,,,,
56,590.76843,887.7022,1064.7412109375,247.89349365234375,,,1066.4369,250.35936,,,,,,
57,589.6047,886.3343,1064.665771484375,247.82212829589844,,,1066.2725,250.30377,,,,,,
58,588.61383,887.2358,1064.7674560546875,247.88475036621094,,,1066.2937,250.28572,,,,,,
59,587.3229,885.58813,1064.64501953125,247.90255737304688,,,1066.2537,250.2717,,,,,,
60,586.4144,886.00214,1064.51904296875,247.9129180908203,,,1066.2556,250.26709,,,,,,
61,585.53076,884.69525,1064.33056640625,247.9824981689453,,,1066.2954,250.20522,,,,,,
62,585.2378,883.1655,1064.30078125,247.9229736328125,,,1066.2427,250.23558,,,,,,
63,584.6614,881.93225,1064.4327392578125,247.8174591064453,,,1066.1697,250.18504,,,,,,
64,584.6147,881.94965,1064.447509765625,247.73858642578125,,,1066.2183,250.20056,,,,,,
65,584.4085,882.1794,1064.264892578125,247.66078186035156,,,1066.1886,250.44371,,,,,,
66,584.23474,882.6656,1064.293701171875,247.66212463378906,,,1066.1814,250.37427,,,,,,
67,583.78735,882.7535,1064.2763671875,247.6417236328125,,,1066.168,250.35939,,,,,,
68,583.6553,882.9661,1064.211181640625,247.31858825683594,1666.6893310546875,290.745849609375,1066.1794,250.4347,,,,,,
69,583.51,882.9441,1064.22998046875,247.2028350830078,1665.7236328125,289.0220947265625,1066.228,250.39012,,,,,,
70,583.32385,882.91974,1064.18798828125,247.2281036376953,1663.647216796875,288.02227783203125,1066.2339,250.36505,,,,,,
71,583.21234,882.8925,1064.07421875,247.17613220214844,1661.190185546875,288.05987548828125,1066.331,250.36482,,,,,,
72,583.0497,882.9253,1064.02880859375,247.1724853515625,1658.416259765625,288.57879638671875,1066.2817,250.34563,,,,,,
73,583.0117,882.85187,1064.0343017578125,247.13836669921875,1656.0714111328125,288.9159851074219,1066.2847,250.36299,,,,,,
74,583.0519,882.8825,1064.0523681640625,247.18624877929688,1654.030517578125,288.0137939453125,1066.2217,250.3661,,,,,,
75,582.963,883.18365,1063.904296875,247.2761993408203,1654.0426025390625,287.591796875,1066.1675,250.25032,,,,,,
76,583.0828,883.13983,1063.9019775390625,247.25088500976562,1652.353759765625,286.94036865234375,1066.1562,250.18416,1652.607421875,287.42486572265625,,,,
77,582.9407,883.36285,1063.892578125,247.2480926513672,,,1066.1417,250.2367,,,,,,
78,582.97437,883.6923,1063.889892578125,247.24465942382812,1647.9390869140625,286.86083984375,1066.1497,250.25342,1649.6422119140625,287.39068603515625,,,,
79,583.1408,883.6066,1063.8714599609375,247.237060546875,1644.9677734375,285.035888671875,1066.1477,250.26152,,,,,,
80,582.954,883.8679,1063.86572265625,247.226806640625,1642.71728515625,283.4224853515625,1066.1462,250.26433,,,,,,
81,582.9702,884.05115,1063.867431640625,247.22373962402344,1640.1119384765625,283.6695556640625,1066.1462,250.26503,,,,,,
82,582.9048,884.1213,1063.9329833984375,247.33053588867188,1638.050537109375,284.4095458984375,1066.1143,250.2882,1640.1126708984375,284.3583984375,,,,
83,582.9962,884.07556,1063.893798828125,247.33090209960938,,,1066.109,250.2904,,,,,,
84,582.76965,884.2747,1063.883056640625,247.339599609375,1635.59765625,284.60614013671875,1066.1082,250.28645,1638.1607666015625,284.35113525390625,,,,
85,582.7716,884.2127,1063.8505859375,247.2971649169922,1634.029296875,284.2430419921875,1066.106,250.292,,,,,,
86,582.56494,884.4318,1063.828857421875,247.28408813476562,,,1066.1023,250.29378,,,,,,
87,582.85284,884.3339,1063.8466796875,247.3054962158203,,,1066.1064,250.29521,,,,,,
88,582.3989,884.39264,1063.865478515625,247.3191375732422,,,1066.1067,250.294,,,,,,
89,581.93787,884.7059,1063.7586669921875,247.36236572265625,,,1066.0947,250.22974,,,,,,
90,581.31274,884.6425,1063.808837890625,247.43728637695312,1626.8228759765625,282.502685546875,1066.095,250.17706,,,,,,
91,581.0099,884.51996,1063.8245849609375,247.3563995361328,1626.0758056640625,282.48321533203125,1066.1191,250.14688,,,,,,
92,580.3081,885.21643,1063.778076171875,247.339599609375,1625.62060546875,282.0450439453125,1066.1265,250.18073,,,,,,
93,579.81055,885.5036,1063.776123046875,247.3582305908203,1624.364501953125,281.71826171875,1066.1113,250.11446,,,,,,
94,579.29736,884.4504,1063.6920166015625,247.58697509765625,1624.2030029296875,281.2726135253906,1065.9514,250.30663,,,,,,
95,579.08594,885.19446,1063.675048828125,247.71119689941406,1623.81640625,280.79913330078125,1066.0413,250.38185,,,552.7395629882812,730.2171630859375,,
96,575.8491,885.40826,1063.717529296875,247.8607635498047,1623.33544921875,279.81207275390625,1066.0344,250.3622,,,552.5789794921875,730.749267578125,,
97,573.4962,885.3867,1063.740478515625,247.83224487304688,1622.69140625,279.43499755859375,1066.0269,250.35449,,,552.4701538085938,730.5236206054688,,
98,572.36316,885.5164,1063.7093505859375,247.81072998046875,1622.78564453125,278.29730224609375,1066.0442,250.37914,,,552.71240234375,730.6868286132812,,
99,571.6035,885.759,1063.7088623046875,247.76097106933594,1622.5401611328125,278.4495849609375,1066.0442,250.37004,,,553.1161499023438,730.7361450195312,,
100,571.13293,886.0798,1063.728759765625,247.79891967773438,1622.369384765625,278.29632568359375,1066.044,250.42146,,,552.876708984375,731.4310913085938,,
101,569.99963,885.64435,1063.70458984375,247.8250732421875,1622.736328125,278.48577880859375,1066.0471,250.40666,,,552.55908203125,732.2052001953125,,
102,568.54407,886.12573,1063.7254638671875,247.8050079345703,1623.0732421875,277.4801025390625,1066.0515,250.41838,,,552.999755859375,732.5099487304688,,
103,566.5884,885.59753,1063.7286376953125,247.7988739013672,1622.999267578125,278.406494140625,1066.0498,250.41356,,,553.833740234375,733.4638671875,,
104,564.73285,885.1276,1063.719970703125,247.7779998779297,1623.0252685546875,278.70623779296875,1066.0496,250.41277,,,553.9070434570312,734.9915771484375,,
105,563.59595,885.1504,1063.713623046875,247.7720489501953,1623.42919921875,278.7613525390625,1066.051,250.41064,,,554.8544921875,735.5317993164062,,
106,563.0417,884.9515,1063.707275390625,247.7415313720703,1622.666015625,278.284423828125,1066.0496,250.42104,,,554.9754638671875,735.915771484375,,
107,563.0164,885.1458,1063.5703125,247.71990966796875,1623.3416748046875,278.4573974609375,1066.0615,250.4468,,,554.7694091796875,737.61669921875,,
108,562.46924,885.2285,1063.555908203125,247.74462890625,,,1066.0554,250.45007,,,,,,
109,562.55914,885.42487,1063.5574951171875,247.7639617919922,,,1066.0549,250.4493,,,556.2750244140625,739.4844360351562,,
110,561.98645,885.4537,1063.5701904296875,247.80162048339844,,,1066.0848,250.47432,,,559.5577392578125,739.2858276367188,,
111,561.74133,885.7482,1063.561279296875,247.8064727783203,,,1066.0586,250.46007,,,559.559814453125,739.565673828125,,
112,561.3922,885.5973,1063.562744140625,247.795166015625,1635.222900390625,283.04949951171875,1066.0466,250.43321,503.65594482421875,700.1356201171875,559.4395141601562,740.4970703125,,
113,561.04504,885.28973,1063.555419921875,247.7713165283203,1637.5426025390625,283.36846923828125,1066.0269,250.41267,1640.03759765625,283.231201171875,,,503.1361999511719,698.4132080078125
114,560.28735,884.96747,1063.500732421875,247.74696350097656,,,1066.0132,250.41335,,,559.0781860351562,742.0984497070312,,
115,559.9027,884.94275,1063.512939453125,247.73716735839844,,,1066.0143,250.41412,,,558.9229736328125,742.694580078125,,
116,559.114,884.6077,1063.50146484375,247.7794189453125,1645.004150390625,285.20068359375,1066.0237,250.40747,,,558.853271484375,742.8540649414062,,
117,558.4862,884.2653,1063.516845703125,247.77566528320312,1651.348388671875,286.192626953125,1066.0164,250.40965,1648.683837890625,286.3336486816406,558.5458374023438,743.3263549804688,,
118,557.05444,884.36755,1063.52197265625,247.78724670410156,1649.9150390625,286.4080810546875,1066.0144,250.40582,,,557.6375122070312,743.0361938476562,,
119,557.03534,884.41547,1063.5037841796875,247.8109130859375,,,1066.0089,250.38908,,,555.8221435546875,743.349365234375,,
120,556.14844,884.48615,1063.5426025390625,247.84304809570312,,,1066.0139,250.38258,,,554.2146606445312,741.0620727539062,,
121,554.78906,883.2714,1063.5404052734375,247.8331756591797,,,1066.0115,250.37756,,,552.1432495117188,740.6787109375,,
122,553.52625,882.9593,1063.5390625,247.88255310058594,,,1066.0103,250.3764,,,548.415771484375,736.3987426757812,,
123,555.1904,883.7382,1063.567626953125,247.84634399414062,1660.319580078125,283.73675537109375,1066.0057,250.35771,,,542.7142333984375,732.7443237304688,,
124,554.5438,883.657,1063.57568359375,247.84185791015625,1662.3936767578125,285.16400146484375,1066.0063,250.35744,,,535.7579345703125,724.2271728515625,,
125,553.8779,884.4545,1063.68408203125,247.82830810546875,,,1066.0522,250.35555,,,525.8418579101562,711.283447265625,,
126,553.2345,883.5987,1063.66650390625,247.82574462890625,1667.9296875,283.3917236328125,1066.0717,250.36658,,,,,,
127,553.42596,884.09283,1063.681396484375,247.8899688720703,1670.9630126953125,284.4934387207031,1066.0776,250.37532,,,504.3612060546875,666.284912109375,,
128,551.3844,883.5035,1063.681396484375,247.8833465576172,,,1066.0774,250.37804,,,,,,
129,552.71533,883.3841,1063.719482421875,247.73634338378906,,,1066.123,250.38986,,,496.9523620605469,606.1553955078125,,
130,553.63,883.3092,1063.72119140625,247.75360107421875,,,1066.125,250.39366,,,496.8509521484375,577.5800170898438,,
131,551.7603,883.5279,1063.696533203125,247.7723846435547,,,1066.125,250.343,,,495.7332763671875,546.0928955078125,,
132,552.3004,883.2004,1063.728271484375,247.57374572753906,,,1066.1052,250.26854,,,495.7611389160156,519.44970703125,,
133,553.32056,884.2531,1063.834716796875,247.5467071533203,,,1066.241,250.44643,,,496.1170654296875,491.837646484375,,
134,553.9682,883.88556,1063.9356689453125,247.72572326660156,1685.2099609375,285.9310302734375,1066.0701,250.3997,,,497.0374755859375,467.1332092285156,,
135,558.17816,883.16754,1063.99951171875,247.8212127685547,1688.09423828125,285.4520263671875,1066.0874,250.3678,1691.3203125,284.3585205078125,497.9017028808594,444.14617919921875,,
136,560.85913,883.8913,1063.9951171875,247.8803253173828,1689.8704833984375,283.28204345703125,1066.0779,250.26491,1692.765380859375,281.43853759765625,,,,
137,565.83203,883.67303,1064.0526123046875,247.8241424560547,,,1066.0969,250.32623,,,,,,
138,567.0086,883.4046,1064.229248046875,247.7713165283203,,,1065.8657,250.6126,,,,,,
139,579.0156,884.3454,1064.857666015625,247.65599060058594,,,1065.898,250.5562,,,,,,
140,577.30096,883.88477,1064.755859375,247.86729431152344,,,1066.0042,250.71075,,,,,,
141,582.4816,883.30865,1065.4237060546875,247.49876403808594,,,1066.0615,249.84804,,,,,,
142,583.00415,884.10956,1065.665283203125,247.72265625,,,1065.9795,251.02245,,,,,,
143,572.56506,883.7083,1065.835205078125,247.6077117919922,,,1065.3857,252.03502,,,,,,
144,579.2804,882.35724,1066.243896484375,247.96775817871094,,,1066.4045,251.64146,,,,,,
145,582.9971,884.06946,1067.241943359375,247.9167938232422,1713.078857421875,278.39208984375,1067.7672,250.50179,,,,,,
146,583.3611,883.05414,1067.396484375,247.59786987304688,1714.6201171875,279.7298583984375,1067.9834,250.47775,,,,,,
147,582.3262,883.66986,1067.428955078125,247.83819580078125,,,1068.3147,250.495,,,,,,
148,580.94385,883.3886,1067.7119140625,248.17218017578125,1716.7547607421875,278.1089172363281,1068.9624,250.36378,,,,,,
149,581.41724,882.8575,1067.8594970703125,249.42723083496094,1717.18994140625,278.7373046875,1069.0017,251.36293,,,,,,
150,588.1339,881.0927,1068.02099609375,249.4877471923828,1718.934814453125,277.21112060546875,1069.1367,251.39275,,,,,,
151,593.14166,880.4682,1068.02001953125,249.72801208496094,1719.975830078125,278.73785400390625,1069.3721,252.21288,,,,,,
152,602.2399,881.6091,1067.8883056640625,249.3577117919922,586.2869873046875,878.9385375976562,1069.0562,252.06866,1721.466064453125,279.8037109375,,,,
153,619.53394,881.653,1068.09326171875,249.3578338623047,,,1069.1179,252.10103,,,,,,
154,623.4158,885.11005,1067.5958251953125,249.2295684814453,,,1069.2754,251.55,,,,,,
155,590.64844,882.3304,1067.67822265625,249.29351806640625,,,1069.4331,251.47728,,,,,,
156,583.7706,871.40045,1067.6484375,248.9154510498047,,,1069.0608,251.865,,,,,,
157,582.9567,846.4411,1067.379150390625,248.37799072265625,,,1068.6128,253.01471,,,562.951171875,392.7984619140625,,
158,584.71936,854.32965,1067.5888671875,248.11363220214844,,,1068.8059,253.19763,,,566.91259765625,412.59014892578125,,
159,582.6922,842.85034,1067.917236328125,248.93023681640625,,,1068.9487,253.17479,,,,,,
160,573.91376,837.8086,1067.5418701171875,249.7985382080078,,,1068.8154,253.19344,,,627.8482666015625,403.7597351074219,,
161,565.2842,831.8158,1067.095947265625,249.85328674316406,,,1068.6946,253.4384,,,678.7551879882812,374.4806823730469,,
162,556.0538,828.3243,1066.953857421875,250.1096649169922,,,1068.748,253.40068,,,722.8836669921875,353.62841796875,,
163,548.548,818.212,1067.1988525390625,249.4214324951172,,,1068.3469,253.46394,,,756.0430908203125,338.0528869628906,,
164,540.72925,814.5726,1066.72802734375,249.06773376464844,,,1068.1897,253.41797,,,785.1412963867188,327.85772705078125,,
165,548.08923,819.8824,1065.985595703125,250.1259002685547,,,1066.9941,254.0038,,,,,,
166,565.02625,833.19135,1065.846923828125,250.91455078125,,,1067.0984,254.18446,,,,,,
167,576.43604,836.8836,1065.5860595703125,251.3605499267578,,,1067.1357,254.076,,,,,,
168,582.21136,837.43256,1065.39208984375,251.84715270996094,,,1066.6655,253.8683,,,491.326416015625,730.7591552734375,,
169,589.4314,837.7011,1065.515380859375,251.58824157714844,,,1067.9417,253.73375,,,,,,
170,587.1973,837.82574,1065.3541259765625,251.10877990722656,,,1066.4915,253.87598,,,,,,
171,576.76355,838.23285,1065.2015380859375,251.51559448242188,,,1066.5156,253.78789,,,,,,
172,585.41016,838.93164,1064.9652099609375,251.76434326171875,1760.2635498046875,288.466796875,1066.6936,253.92955,,,,,,
173,605.01495,838.2697,1064.530517578125,251.38760375976562,1760.9520263671875,290.07305908203125,1066.8076,253.7624,,,,,,
174,1064.1018,251.48154,601.9005126953125,834.1141357421875,633.7637939453125,833.1021118164062,1066.9604,253.57805,,,,,,
175,1064.4296,251.9275,610.5302734375,837.2377319335938,644.3885498046875,836.101318359375,1067.7104,253.57501,1761.72998046875,293.0325622558594,,,,
176,619.95233,835.52655,1064.247314453125,251.26380920410156,650.6507568359375,835.4727172851562,1069.572,254.66353,1764.518310546875,294.4586486816406,,,,
177,623.78894,835.19696,1063.4215087890625,250.82862854003906,1766.4913330078125,294.2897644042969,1069.3279,254.553,,,,,,
178,653.71313,837.9108,1063.114013671875,250.80308532714844,1768.027587890625,293.93505859375,1068.8318,253.96263,628.972900390625,822.1535034179688,,,1769.5089111328125,293.10711669921875
179,659.02893,833.81696,1061.04541015625,250.8383331298828,1768.7083740234375,293.83642578125,1068.1223,253.57382,,,,,,
180,660.3592,838.4793,1059.325439453125,251.0738983154297,,,1069.063,255.44194,,,,,,
181,662.68176,838.4074,1058.939697265625,251.2262420654297,,,1068.2932,253.80037,,,,,,
182,667.827,841.65564,1057.7333984375,251.34214782714844,,,1067.0645,254.24751,,,,,,
183,669.8591,846.14886,1059.151611328125,251.38526916503906,1049.47314453125,247.7698516845703,1065.974,254.5368,,,,,,
184,672.13196,846.6034,1059.222900390625,251.4434356689453,1050.709228515625,250.21202087402344,1061.0957,253.93098,,,,,,
185,674.5234,846.8846,1057.58544921875,251.0361328125,,,1063.9751,254.1958,,,606.4347534179688,796.8754272460938,,
186,678.11096,846.9699,1058.31298828125,250.8209991455078,,,1062.6064,251.95668,,,,,,
187,682.1753,845.91705,1054.760498046875,251.3166046142578,,,1059.6418,254.08592,,,,,,
188,688.3516,840.5019,1051.3485107421875,251.45489501953125,1780.6263427734375,297.2171630859375,1057.9253,253.4261,,,,,,
189,691.02466,838.3167,1051.2998046875,253.30714416503906,,,1053.429,253.12236,,,,,,
190,697.79785,837.7455,1049.8304443359375,252.0956268310547,1783.080078125,296.75970458984375,1050.6904,251.49925,,,,,,
191,705.7838,846.5081,1047.98193359375,251.1211395263672,1784.78076171875,296.13360595703125,1049.2415,252.21338,,,,,,
192,711.4247,854.4626,1045.695068359375,250.80491638183594,1785.651123046875,295.28192138671875,1047.0481,251.88445,,,,,,
193,719.5367,865.36786,1042.549560546875,251.35752868652344,1785.83203125,295.92388916015625,1044.617,252.70311,,,,,,
194,728.05945,875.7796,1042.5499267578125,251.64349365234375,1787.5946044921875,297.5252380371094,1041.1797,254.62291,,,,,,
195,735.73346,885.21423,1040.933349609375,250.90892028808594,1789.2606201171875,297.3828430175781,1038.6648,254.66759,,,,,,
196,743.4927,892.72833,1040.5697021484375,251.23716735839844,,,1038.0881,255.19545,,,,,,
197,748.36597,899.6988,1038.6326904296875,252.4362030029297,1791.4866943359375,297.5581359863281,1034.7175,255.19176,,,,,,
198,751.3423,904.54926,1036.00634765625,253.1598358154297,1791.779052734375,297.41033935546875,1034.5674,255.2011,,,,,,
199,752.64514,905.92926,1034.3778076171875,253.91322326660156,,,1033.9719,256.41504,,,,,,
200,750.2746,906.7867,1033.449951171875,253.01930236816406,,,1033.0825,257.06787,,,,,,
201,741.7837,909.6808,1030.8319091796875,252.60130310058594,,,1031.3433,256.36,,,,,,
202,732.81604,913.0516,1029.0087890625,252.1080322265625,,,1029.3259,255.56628,,,,,,
203,728.911,922.1648,1023.6375732421875,251.9160919189453,,,1026.939,255.45488,,,891.9927978515625,266.9221496582031,,
204,725.564,928.9101,1020.1387939453125,251.31385803222656,1796.46533203125,301.2857666015625,1023.6064,256.2541,,,,,,
205,721.7999,937.12134,1017.8917846679688,251.9853057861328,,,1018.5654,256.06885,,,811.4991455078125,893.7042236328125,,
206,712.3197,936.8786,1014.60009765625,250.79173278808594,,,1013.9594,255.88934,,,,,,
207,701.6786,936.66254,1012.2153930664062,252.54345703125,,,1011.7471,255.99144,,,,,,
208,676.9297,936.0579,1013.0733032226562,252.62330627441406,,,1009.21094,257.35352,,,,,,
209,655.7589,936.4512,1007.042236328125,253.89089965820312,,,1006.6404,256.51782,,,805.4449462890625,373.86322021484375,,
210,642.439,936.4113,1003.73583984375,253.0425567626953,,,1004.4094,257.89825,,,787.4290771484375,401.71917724609375,,
211,633.2709,940.23895,1000.7955322265625,251.21543884277344,,,1001.17444,257.81586,,,770.6879272460938,431.8435974121094,,
212,630.53357,945.7581,997.423828125,250.23463439941406,,,997.31433,251.72797,,,749.225341796875,465.01800537109375,,
213,624.74194,952.3006,995.6314086914062,250.82205200195312,,,992.89136,254.60335,,,727.9879150390625,502.56817626953125,,
214,622.1306,956.7153,993.1981811523438,251.06382751464844,,,989.4464,253.31636,,,707.3051147460938,544.0633544921875,,
215,619.1194,964.6363,990.98388671875,251.1558837890625,,,986.8976,253.15303,,,682.74658203125,587.060791015625,,
216,599.8016,967.6722,989.80224609375,250.8303680419922,,,984.18054,252.3258,,,701.514892578125,919.9015502929688,,
217,593.3296,967.8288,987.291259765625,251.5560760498047,,,982.3668,251.85297,,,651.4776611328125,585.503173828125,,
218,565.24084,966.5704,986.5780029296875,250.69825744628906,,,981.8539,251.0803,,,632.807373046875,587.51611328125,,
219,588.0713,967.2347,983.93408203125,249.9247283935547,,,980.6278,248.66638,,,614.5176391601562,589.92578125,,
220,580.45166,967.5409,982.0858154296875,250.07437133789062,,,980.46643,250.61183,,,595.1112670898438,595.2200317382812,,
221,585.63336,966.62256,980.5005493164062,249.5131072998047,,,980.62146,250.88599,,,576.417236328125,603.6451416015625,,
222,584.3323,967.6943,977.4702758789062,248.57679748535156,,,979.09814,251.3888,,,556.2576293945312,612.5809326171875,,
223,592.2311,967.6829,976.7677001953125,247.56298828125,,,979.015,249.92905,,,534.3367919921875,624.975830078125,,
224,596.348,966.8994,975.4246826171875,247.16954040527344,,,978.3259,249.9889,,,509.932861328125,638.336669921875,,
225,975.3078,247.41888,596.65283203125,967.5056762695312,,,976.7273,250.59314,,,485.9375915527344,655.3074340820312,,
226,594.08875,967.1966,974.9932250976562,245.70460510253906,,,975.7728,249.46368,,,461.5504150390625,675.1593627929688,,
227,560.96747,965.1916,973.968505859375,245.50650024414062,,,975.8617,248.60512,,,434.863525390625,697.869140625,,
228,555.4429,962.3549,973.674072265625,245.2811279296875,,,974.1051,247.02237,,,407.3411865234375,724.3226318359375,,
229,538.24615,956.95166,972.3070068359375,245.91888427734375,,,973.1135,247.3068,,,451.45220947265625,667.2174072265625,,
230,572.7637,953.59296,973.1268310546875,245.76283264160156,552.5416259765625,950.6730346679688,973.1974,247.80087,1809.604736328125,306.43402099609375,516.6453247070312,591.6936645507812,,
231,570.9173,947.4135,972.259521484375,243.88389587402344,,,972.0502,245.71008,,,573.9022216796875,525.3402709960938,,
232,569.86145,941.8973,971.14453125,243.9001922607422,,,971.2042,244.23697,,,624.995361328125,472.95318603515625,,
233,570.6023,942.384,970.6065673828125,243.78570556640625,,,971.38806,243.25436,,,670.2523193359375,426.9671630859375,,
234,574.55756,947.3101,970.2530517578125,244.57489013671875,,,970.91345,248.54057,,,708.44921875,390.5669860839844,,
235,568.444,960.1249,969.906005859375,243.85409545898438,1810.329345703125,308.74603271484375,970.7655,248.2796,,,743.5187377929688,359.8899230957031,,
236,552.6273,974.7373,970.2149047851562,244.2521514892578,,,970.797,246.6972,,,,,,
237,543.97864,985.77325,970.168212890625,244.15077209472656,,,970.53845,246.23648,,,,,,
238,541.38995,991.4382,970.2654418945312,243.3855743408203,,,970.7085,246.38895,,,823.27099609375,294.5535888671875,,
239,542.67523,993.81,971.0458984375,244.04644775390625,,,971.6466,246.57413,,,845.281005859375,281.44830322265625,,
240,545.27783,993.4149,971.7551879882812,243.14952087402344,,,971.9442,245.49844,,,,,,
241,551.2896,993.9462,973.579833984375,245.73825073242188,,,973.34265,246.45181,,,881.503662109375,258.777587890625,,
242,562.5192,994.1326,977.4295043945312,245.7479705810547,,,975.25073,245.71603,,,896.06591796875,251.61473083496094,,
243,570.5912,993.17017,984.6324462890625,244.48118591308594,,,976.1266,246.35449,,,908.762451171875,245.18899536132812,,
244,590.5322,994.4229,988.1720581054688,242.63465881347656,,,986.12744,244.20078,,,,,,
245,599.7328,983.80066,989.4353637695312,241.53089904785156,,,992.1072,243.21387,,,,,,
246,606.31433,976.0424,991.279052734375,242.0460662841797,,,991.8827,244.66827,,,,,,
247,616.9294,975.07904,995.5008544921875,242.42982482910156,,,993.4885,242.56259,,,,,,
248,634.097,975.3296,996.6779174804688,242.5222930908203,,,996.9481,243.66782,,,,,,
249,636.8019,976.7498,999.75,244.80812072753906,,,998.27014,245.59738,,,,,,
250,644.41394,977.6791,1001.3851318359375,246.87635803222656,,,1001.82043,246.4364,,,,,,
251,652.5471,977.0775,1004.804443359375,247.24195861816406,,,1004.52844,247.07312,,,,,,
252,661.90283,977.2139,1006.56591796875,246.84461975097656,,,1007.58527,247.95535,,,,,,
253,670.3074,972.2778,1012.260498046875,249.38662719726562,,,1010.94305,248.39763,,,,,,
254,677.5322,967.3459,1012.8754272460938,249.93296813964844,,,1012.5086,248.16705,,,,,,
255,690.6157,968.0556,1015.5088500976562,248.23106384277344,,,1015.2103,247.51169,,,,,,
256,703.79974,967.6337,1016.948486328125,249.1852569580078,1807.8524169921875,315.0740661621094,1016.6104,247.7645,,,,,,
257,716.6267,959.60284,1019.0841064453125,249.68678283691406,1807.92333984375,315.302490234375,1017.5983,248.7271,,,,,,
258,736.3077,956.64935,1020.8896484375,249.12644958496094,,,1020.04425,248.20607,,,,,,
259,749.85,954.71954,1021.7127685546875,247.796630859375,,,1021.10077,247.76471,,,,,,
260,765.22754,952.71344,1021.8655395507812,248.51060485839844,1806.734619140625,316.0777282714844,1022.4659,249.05287,,,,,,
261,777.0602,949.842,1022.4902954101562,248.85328674316406,1806.2777099609375,316.7420959472656,1024.7488,248.60565,,,,,,
262,782.3301,948.3199,1023.9215698242188,247.9958038330078,,,1026.5193,248.95337,,,,,,
263,784.2014,950.23615,1025.3638916015625,248.5769805908203,,,1027.282,249.13075,,,,,,
264,786.85345,960.48737,1027.6260986328125,248.7085418701172,,,1028.3296,249.55743,,,,,,
265,790.4749,968.662,1032.2867431640625,246.47671508789062,,,1029.1313,249.09526,,,,,,
266,791.66583,973.1745,1033.200439453125,247.6949005126953,,,1029.2366,247.82565,,,,,,
267,791.8145,972.9699,1033.8828125,248.0990753173828,,,1030.512,250.60997,,,,,,
268,791.63086,971.67725,1033.56103515625,248.36155700683594,,,1030.8201,250.56035,,,,,,
269,791.17114,970.8783,1034.5220947265625,248.58238220214844,,,1031.5327,249.7076,,,,,,
270,790.89905,969.8671,1034.139404296875,248.16091918945312,,,1031.5862,249.51534,,,,,,
271,789.07153,970.41815,1034.29150390625,248.6091766357422,,,1031.9824,249.79955,,,,,,
272,789.19226,971.5539,1034.182861328125,248.4063262939453,,,1035.315,251.31152,,,,,,
273,787.33905,974.0782,1033.933349609375,248.47984313964844,,,1037.6304,250.8393,,,,,,
274,785.47766,978.9009,1033.437255859375,247.46031188964844,,,1032.8215,249.91997,,,,,,
275,785.09784,984.0723,1034.2437744140625,248.26547241210938,1802.5865478515625,317.8012390136719,1033.5642,249.41191,,,,,,
276,785.7556,993.5806,1034.3775634765625,248.93458557128906,1802.5133056640625,318.7135314941406,1037.0354,251.05785,,,,,,
277,782.38245,1000.15485,1035.305419921875,249.2357940673828,1802.370361328125,320.1856384277344,1037.8181,251.07784,,,,,,
278,779.93384,1003.165,1035.205078125,248.44688415527344,1802.59521484375,319.7060241699219,1037.7043,250.41148,,,,,,
279,781.3069,1003.8598,1036.1455078125,249.7863006591797,1802.451904296875,318.1401672363281,1037.4497,250.71846,,,,,,
280,780.03534,1002.73517,1036.965576171875,249.38951110839844,1802.4384765625,318.3070983886719,1038.5004,251.24141,,,,,,
281,776.7794,1003.4097,1038.30615234375,249.7294921875,1802.4451904296875,318.2182922363281,1038.6958,251.99599,,,,,,
282,769.92957,1003.082,1039.8416748046875,249.99591064453125,1802.3785400390625,318.3358459472656,1041.2368,252.79439,,,987.158203125,231.26416015625,,
283,763.40424,1005.82,1040.50048828125,249.8206329345703,1802.0540771484375,318.66015625,1041.805,252.76573,,,979.0902099609375,242.22134399414062,,
284,754.68286,1014.2034,1040.888427734375,249.560302734375,1802.138671875,317.8396301269531,1042.1279,252.75938,,,,,,
285,759.84247,1020.48016,1040.470703125,249.52761840820312,1802.048583984375,318.7747497558594,1042.0859,252.7038,,,964.3897705078125,266.12994384765625,,
286,761.1372,1028.4075,1039.727294921875,249.65171813964844,1802.0625,318.6950988769531,1042.479,251.92688,,,954.0416259765625,280.09454345703125,,
287,758.7372,1033.5232,1038.9949951171875,249.76332092285156,1801.98828125,319.4770202636719,1040.8755,253.29253,,,,,,
288,760.23425,1034.0105,1801.83642578125,321.14227294921875,1038.11669921875,249.2515411376953,1040.1287,251.41197,,,,,,
289,754.28314,1033.6364,1801.46826171875,321.6841735839844,1036.037109375,248.79408264160156,1037.6868,251.62987,,,924.0396728515625,337.7403564453125,,
290,754.95825,1033.0225,1801.3677978515625,322.2664489746094,1033.522216796875,248.9372100830078,1034.3289,250.30736,,,,,,
291,741.0725,1033.291,1801.5494384765625,323.7330627441406,1025.66748046875,249.58804321289062,1030.7632,249.71407,,,,,,
292,752.9909,1033.9219,1801.57177734375,324.02191162109375,1023.8164672851562,249.3086700439453,1027.5248,250.47745,,,887.708984375,418.00286865234375,,
293,748.4791,1036.3625,1021.4445190429688,248.89491271972656,1801.3740234375,324.3297119140625,1022.586,248.63277,,,875.0406494140625,451.24542236328125,,
294,742.3759,1037.3335,1019.0693969726562,248.000244140625,1801.197509765625,323.0086364746094,1020.1636,248.5595,,,859.1115112304688,489.5867004394531,,
295,741.90796,1039.5996,1017.28271484375,249.54547119140625,,,1017.37665,248.10236,,,,,,
296,737.9967,1040.8445,1012.84716796875,248.27947998046875,,,1014.201,248.62038,,,829.6697998046875,578.9442749023438,,
297,737.4141,1040.0748,1013.3302001953125,250.1806640625,,,1010.6342,249.10893,,,814.3406372070312,627.9896240234375,,
298,715.98114,1040.7614,1007.5584716796875,248.0024871826172,1013.761474609375,249.84837341308594,1007.8681,249.70805,,,802.7176513671875,627.62109375,,
299,747.35095,1040.3397,1006.064697265625,247.8793182373047,,,1005.98865,249.5365,,,791.4007568359375,629.4514770507812,,
300,760.82605,1039.864,1002.0897216796875,246.51475524902344,,,1003.54004,248.7545,,,777.6038208007812,630.88623046875,,
301,999.24976,247.12502,756.163818359375,1040.0670166015625,,,1000.4497,248.98218,,,762.0078125,636.0897827148438,,
302,996.6969,247.12862,746.278076171875,1039.880126953125,,,995.8446,249.94046,,,747.8274536132812,643.74609375,,
303,756.31445,1042.6016,993.124267578125,249.0148468017578,,,992.0675,250.44957,,,732.87158203125,652.689453125,,
304,768.7721,1041.0078,990.6953125,249.16758728027344,,,990.9418,249.88135,,,716.013427734375,663.8275146484375,,
305,789.82886,1035.3651,988.7442626953125,248.99754333496094,,,989.5873,250.05042,,,698.648681640625,679.470947265625,,
306,792.22546,1035.1633,985.8094482421875,248.4881134033203,,,985.7018,249.21368,,,680.0416870117188,696.799560546875,,
307,787.8529,1035.5232,984.1924438476562,246.9939422607422,,,985.1992,248.84947,,,660.92578125,717.25390625,,
308,789.00745,1032.0496,981.1968994140625,245.6082000732422,,,983.2477,246.68433,,,640.6963500976562,741.973388671875,,
309,764.7666,1029.2288,979.8074951171875,243.90719604492188,,,980.9867,247.55249,,,619.6985473632812,770.9974975585938,,
310,795.2649,1031.012,977.6234130859375,244.29185485839844,,,979.3207,247.31516,,,610.0657958984375,764.9158325195312,,
311,803.48303,1027.2583,975.8218383789062,243.75901794433594,,,977.4568,244.55978,,,639.459228515625,669.316650390625,,
312,810.944,1028.6678,974.422119140625,244.19155883789062,,,975.7667,244.45056,,,663.5955200195312,592.750732421875,,
313,814.8666,1033.0889,973.3068237304688,244.42127990722656,,,973.167,244.37198,,,683.1134033203125,533.2188720703125,,
314,826.69226,1030.8132,973.0369873046875,243.80406188964844,1797.8807373046875,323.48345947265625,971.51135,243.74814,,,699.8885498046875,486.400390625,,
315,829.6677,1033.8376,970.1297607421875,242.66954040527344,1797.3541259765625,323.4892272949219,969.9054,241.97635,,,713.1724853515625,445.8123779296875,,
316,830.3413,1035.3613,969.1316528320312,243.79917907714844,1796.75927734375,323.9490051269531,968.1626,242.68665,,,724.5380859375,415.0662841796875,,
317,846.2794,1034.5328,967.6336669921875,243.96835327148438,,,966.3994,241.72916,,,732.286376953125,390.21002197265625,,
318,831.07214,1027.1138,964.640625,244.86167907714844,1795.7332763671875,324.56268310546875,964.5502,240.8594,,,739.5888671875,370.30084228515625,,
319,836.74054,1024.992,962.741943359375,247.31597900390625,1795.0045166015625,325.05450439453125,962.46436,242.27722,,,,,,
320,840.9518,1017.611,963.3624267578125,246.8558807373047,1794.053466796875,326.3831481933594,959.9341,244.04938,,,752.8359375,341.359619140625,,
321,847.89453,1015.37604,963.5676879882812,246.83587646484375,1794.134033203125,328.21624755859375,960.38416,243.64081,,,,,,
322,859.6459,1013.5699,962.310302734375,246.7372283935547,1794.145751953125,327.76153564453125,960.0122,244.15198,,,,,,
323,868.48285,1013.99725,961.5120849609375,245.77294921875,1793.9278564453125,327.8313903808594,960.4237,244.84467,,,,,,
324,872.01843,1013.38165,954.2850952148438,243.925048828125,1793.85205078125,325.9707336425781,959.6769,244.31836,,,,,,
325,873.92334,1012.17957,953.0374145507812,242.35765075683594,1793.6243896484375,326.6778564453125,957.0055,243.57236,,,,,,
326,871.329,1013.4494,944.8894653320312,241.77833557128906,1793.2196044921875,326.65423583984375,951.6024,242.23965,,,,,,
327,873.55945,1013.3298,1792.4439697265625,325.9998779296875,941.994140625,241.52774047851562,934.58936,237.91327,,,,,,
328,888.67224,1010.7419,1792.445068359375,326.1114196777344,938.2564086914062,242.3771209716797,936.3214,233.84421,,,,,,
329,874.4164,1005.72455,1792.43310546875,325.98394775390625,,,931.3927,233.3541,,,,,,
330,874.8893,1000.2084,926.2780151367188,240.3464813232422,1791.902099609375,326.8110656738281,926.83923,235.9697,,,970.6129760742188,792.375732421875,,
331,889.256,997.57544,923.953369140625,245.0506134033203,1791.7598876953125,326.4814147949219,929.13367,242.45038,,,,,,
332,883.88544,984.94415,1791.6614990234375,326.74310302734375,922.2449340820312,244.1700439453125,921.13525,243.49341,,,,,,
333,880.0548,978.5014,1790.922607421875,328.8448181152344,915.5623168945312,243.2747039794922,919.026,241.57697,,,,,,
334,882.9091,968.4665,1790.93115234375,328.9296569824219,908.73193359375,244.5721893310547,910.8296,243.7901,,,,,,
335,883.6844,957.24243,1790.806640625,329.6100158691406,903.0203857421875,243.55389404296875,906.2035,245.40848,,,,,,
336,884.64386,942.6462,1790.40185546875,329.7922058105469,896.6734619140625,243.1639862060547,899.8439,245.82947,,,,,,
337,886.9311,932.88324,1790.5484619140625,331.51861572265625,894.3087158203125,241.67518615722656,892.27454,247.16293,,,,,,
338,894.8667,924.8245,891.6884765625,244.9030303955078,1790.6177978515625,329.5779724121094,890.5393,247.40292,,,,,,
339,900.7995,918.42883,887.4490356445312,242.36326599121094,1791.01513671875,329.1418151855469,888.9894,247.1918,,,,,,
340,903.35724,910.4066,885.021728515625,243.93101501464844,1790.9151611328125,329.1437072753906,885.17883,244.71848,,,,,,
341,903.6482,908.33734,881.409423828125,243.95494079589844,1790.995361328125,329.1437072753906,879.00183,246.29251,,,,,,
342,905.65674,907.39404,879.4246215820312,244.81956481933594,1791.048095703125,329.1244812011719,876.36536,245.28894,,,,,,
343,906.11957,905.59296,874.5382080078125,243.98263549804688,1791.11181640625,329.3453674316406,870.3701,246.1301,,,,,,
344,908.90344,906.5466,871.39599609375,245.00177001953125,1790.5675048828125,329.4261779785156,867.56165,245.50626,,,,,,
345,920.37354,911.5693,1790.4404296875,329.1608581542969,869.736328125,244.61412048339844,862.73975,247.05737,,,,,,
346,935.285,918.1796,1790.093994140625,329.2215270996094,865.0396728515625,246.70957946777344,859.6433,246.6973,,,,,,
347,949.0111,917.72485,862.0636596679688,248.3224334716797,1789.896240234375,329.51763916015625,857.66956,247.6005,,,,,,
348,954.20746,922.65497,861.0640869140625,247.69459533691406,1789.69482421875,330.4198303222656,861.45374,249.23468,,,,,,
349,962.7933,923.74725,859.461669921875,249.179443359375,1789.267822265625,330.5790100097656,859.5482,249.792,,,,,,
350,974.00793,929.48785,857.9496459960938,249.28363037109375,1788.38720703125,330.2204284667969,858.17334,249.724,,,,,,
351,983.7704,925.2385,857.783935546875,248.06210327148438,1787.4501953125,332.8156433105469,856.8342,249.99547,,,,,,
352,992.8059,926.5308,856.8059692382812,248.36119079589844,1788.4705810546875,334.3298034667969,856.04175,249.8037,,,,,,
353,1001.8352,928.5075,855.950439453125,248.6295928955078,,,855.4103,249.72495,,,,,,
354,1010.252,929.00775,854.2230834960938,249.53814697265625,1786.6885986328125,333.73919677734375,854.72644,249.7812,,,,,,
355,1017.31616,927.4746,853.878662109375,250.4655303955078,1786.1611328125,330.9647521972656,853.5376,249.16087,,,,,,
356,1023.79156,931.02106,852.31396484375,250.71034240722656,1786.23583984375,332.6317443847656,852.4596,250.4018,,,,,,
357,1032.9142,933.6314,850.7552490234375,250.9691162109375,1786.3956298828125,332.8298034667969,851.29504,249.80864,,,,,,
358,1040.3768,939.47925,849.0341186523438,248.43724060058594,1786.4073486328125,333.3915710449219,849.8224,247.97711,,,,,,
359,1046.5009,944.61584,848.3692016601562,248.4854278564453,1786.4007568359375,333.6017150878906,847.9082,248.53941,,,,,,
360,1055.0266,950.5163,847.04345703125,248.98146057128906,1785.85107421875,333.18365478515625,845.23816,249.37575,,,,,,
361,1058.5916,954.62555,845.3311157226562,248.6536102294922,1785.79345703125,332.5755615234375,844.3259,249.59196,,,,,,
362,1059.275,953.87714,1785.3848876953125,333.56231689453125,842.9544067382812,247.68374633789062,842.88245,251.95772,,,,,,
363,1060.488,950.9297,844.0860595703125,248.3503875732422,1785.5394287109375,334.1700134277344,841.1902,252.12535,,,,,,
364,1062.3744,949.77374,841.6155395507812,247.64630126953125,1785.6368408203125,334.57281494140625,840.53674,252.25987,,,,,,
365,1070.416,950.69745,841.2632446289062,247.7417755126953,1785.604248046875,335.1378479003906,839.69104,252.33974,,,,,,
366,1078.6746,954.42426,841.0508422851562,247.0581817626953,1784.628662109375,335.5187072753906,839.6113,251.6178,,,,,,
367,1088.117,962.8264,840.960205078125,245.60682678222656,1784.16943359375,336.8037414550781,840.4011,250.01358,,,,,,
368,1093.2499,973.5465,840.958740234375,245.75473022460938,,,840.1699,251.70253,,,883.1881103515625,233.78021240234375,,
369,1088.9849,980.7547,841.2786254882812,246.14625549316406,,,840.6378,251.89117,,,891.642333984375,243.1050262451172,,
370,1090.5789,995.6704,841.6719360351562,246.2448272705078,,,841.63464,250.3785,,,899.8311157226562,251.208251953125,,
371,1098.0203,997.4213,844.9881591796875,246.34725952148438,,,842.04407,250.46376,,,908.05859375,261.5467529296875,,
372,1092.6398,998.64496,846.3973388671875,247.01303100585938,,,842.80566,249.86731,,,917.9623413085938,274.6134033203125,,
373,1099.8534,999.9313,847.4791259765625,245.4329071044922,,,843.49,250.39531,,,,,,
374,1107.6617,998.9902,847.9623413085938,245.2980194091797,,,846.1057,250.45003,,,,,,
375,1116.427,999.95404,848.23974609375,245.4821319580078,,,848.0238,250.37599,,,948.142333984375,326.2253112792969,,
376,1122.71,1004.9592,850.449462890625,245.9987335205078,,,851.39856,249.26245,,,1238.11572265625,776.5975341796875,,
377,1132.0093,1016.4979,851.4815673828125,245.47109985351562,1781.7432861328125,340.38922119140625,852.31995,249.2112,,,976.0451049804688,369.096923828125,,
378,1144.7736,1023.8427,854.3470458984375,246.32310485839844,1781.7279052734375,339.7140197753906,853.3834,249.68036,,,988.5786743164062,395.29119873046875,,
379,1152.8688,1027.6917,856.88916015625,246.44549560546875,,,856.3458,247.86642,,,1002.97607421875,425.5933532714844,,
380,1166.1799,1027.8922,859.45947265625,246.64874267578125,,,859.6886,246.83832,,,1019.971435546875,459.7309265136719,,
381,1173.0044,1028.696,862.0347290039062,246.38914489746094,,,862.5615,247.47916,,,1037.866455078125,496.1556701660156,,
382,1163.7279,1027.96,864.3505859375,245.29788208007812,,,864.4011,247.92657,,,1057.278076171875,536.5983276367188,,
383,1168.894,1027.4326,865.7523193359375,247.62448120117188,,,865.5127,247.87775,,,1076.2691650390625,581.5259399414062,,
384,1177.8212,1028.1602,867.728271484375,248.08131408691406,,,867.4115,247.46878,,,1097.9248046875,632.0918579101562,,
385,1192.5835,1030.1636,871.6990356445312,246.68165588378906,,,870.1736,249.50423,,,1118.38525390625,674.1636352539062,,
386,1185.0552,1029.1692,873.0948486328125,247.86703491210938,,,872.678,249.67018,,,1133.92578125,671.958740234375,,
387,1171.9872,1030.5334,875.7892456054688,246.63336181640625,,,875.6726,250.21545,,,1149.8406982421875,671.7730712890625,,
388,1173.4075,1029.7639,878.5338134765625,246.29595947265625,,,876.6112,249.29306,,,1168.488037109375,672.4193725585938,,
389,1177.0095,1029.2706,879.6917724609375,245.2632598876953,,,878.3523,248.88564,,,1185.9373779296875,676.34619140625,,
390,1178.229,1029.8547,881.5650634765625,245.38270568847656,,,879.4144,248.30835,,,1205.962890625,681.24169921875,,
391,1179.2019,1028.9236,883.1995239257812,244.95497131347656,,,881.8229,246.03937,,,1228.4658203125,688.3715209960938,,
392,1180.8389,1028.7803,885.3872680664062,244.38551330566406,,,883.2731,246.40408,,,1249.8333740234375,698.7251586914062,,
393,1190.4686,1028.9318,887.2540893554688,244.66148376464844,1777.6951904296875,344.6853332519531,885.7483,244.78882,,,1273.1873779296875,710.8533325195312,,
394,1204.3536,1029.5166,889.0081787109375,243.91571044921875,,,888.0011,242.55786,,,1296.7509765625,727.1962280273438,,
395,1197.3694,1022.6269,889.8495483398438,244.3857421875,,,889.7123,246.29019,,,1316.073974609375,738.0553588867188,,
396,1217.1084,1011.7614,890.8639526367188,244.2946014404297,,,891.6199,242.06174,,,1254.1236572265625,648.6989135742188,,
397,1187.6774,1005.3362,894.5711059570312,242.51129150390625,,,894.38403,242.77509,,,1202.533447265625,577.8118896484375,,
398,1190.2454,997.42706,896.9931030273438,241.9396514892578,,,895.7495,243.48499,,,,,,
399,1186.427,993.74286,899.685791015625,244.73126220703125,,,898.59753,244.65921,,,1116.99462890625,470.152587890625,,
400,1184.5455,987.94794,900.95263671875,244.5655975341797,,,900.9066,243.8725,,,1085.4530029296875,431.36663818359375,,
401,1183.4833,990.5733,903.9265747070312,244.22833251953125,,,903.34155,244.27762,,,1057.4296875,397.853759765625,,
402,1186.5273,981.82605,903.3427734375,242.11289978027344,,,904.37915,243.90674,,,1034.826416015625,371.4677429199219,,
403,1193.7905,975.7822,903.550048828125,242.03077697753906,,,906.65393,243.09738,,,,,,
404,1200.7456,973.7399,902.70654296875,241.33673095703125,,,907.7156,242.71585,,,994.8546142578125,330.0306396484375,,
405,1198.419,967.0611,901.9802856445312,242.3323974609375,,,907.6217,243.59744,,,,,,
406,1195.2004,960.6112,901.9806518554688,242.60792541503906,,,907.2345,243.43549,,,,,,
407,1192.8286,961.5881,903.0939331054688,242.32420349121094,,,906.2938,242.5481,,,953.955078125,292.5578308105469,,
408,1189.1287,962.8971,900.26220703125,241.9991912841797,,,904.526,242.79724,,,940.25830078125,284.7890319824219,,
409,1185.408,962.61664,897.4956665039062,240.4130859375,,,901.86365,243.95352,,,930.05908203125,278.8061218261719,,
410,1183.4413,962.03796,895.8731689453125,239.97097778320312,,,898.02026,241.01053,,,920.6234130859375,274.00189208984375,,
411,1181.069,961.78784,895.1597900390625,240.4390869140625,,,891.6454,235.8161,,,912.429443359375,269.65704345703125,,
412,1177.1196,961.1639,892.763427734375,242.4191436767578,,,893.62134,241.80215,,,905.7198486328125,267.75128173828125,,
413,1169.2017,962.49756,890.964111328125,243.7471466064453,,,885.8241,240.31741,,,899.6080322265625,266.01348876953125,,
414,1158.0374,967.89996,889.5767822265625,245.82879638671875,1771.477294921875,347.4977722167969,884.29553,242.71988,,,892.1151123046875,265.6510009765625,,
415,1141.7186,967.8692,888.2508544921875,241.2267303466797,1770.2161865234375,346.9541931152344,885.48206,243.20764,,,885.1668701171875,265.19195556640625,,
416,1127.1318,968.7078,887.0445556640625,244.9709014892578,,,882.61316,243.49863,,,,,,
417,1121.9163,972.0542,886.1030883789062,243.8415985107422,1769.648681640625,347.4972229003906,881.2428,243.73166,,,876.3704833984375,266.6183166503906,,
418,1114.6189,974.71356,885.9736328125,243.68148803710938,1768.9852294921875,348.5379943847656,880.35864,244.41281,,,871.7738037109375,267.3443908691406,,
419,1102.4397,983.1827,885.0230712890625,244.01495361328125,1770.3912353515625,348.0877990722656,880.3259,244.16028,,,867.6814575195312,269.73065185546875,,
420,1084.3977,989.80206,884.84033203125,244.54220581054688,1768.90869140625,348.4609069824219,879.82117,243.45584,,,,,,
421,1068.9873,988.62396,1769.98095703125,348.6943054199219,882.2620239257812,246.43299865722656,879.12476,243.56088,,,860.5172729492188,274.17327880859375,,
422,1053.4955,988.1562,881.3310546875,245.89015197753906,1769.70751953125,349.4554443359375,879.0807,242.7807,,,,,,
423,1040.9968,987.7255,880.6265258789062,247.80990600585938,1768.9603271484375,349.1037292480469,877.8119,244.36768,,,,,,
424,1030.6735,986.95294,880.433349609375,247.18414306640625,1768.71533203125,349.95355224609375,879.73425,243.57324,,,,,,
425,1019.01526,988.2686,879.782958984375,245.87318420410156,1768.638671875,350.2518615722656,880.06384,245.07639,,,,,,
426,1012.5564,993.633,878.96923828125,246.05003356933594,1767.2296142578125,351.0083312988281,878.9678,247.19919,,,,,,
427,1003.9974,999.7574,878.6107177734375,245.93861389160156,,,877.21326,247.42819,,,,,,
428,999.1062,1005.71454,877.7649536132812,246.35047912597656,1765.8330078125,350.0918884277344,875.5194,247.06131,,,,,,
429,997.1723,1017.4616,877.1122436523438,247.68333435058594,1765.234130859375,350.8907165527344,874.73083,249.10048,,,,,,
430,997.1139,1025.5928,876.6465454101562,247.76344299316406,1765.08642578125,350.8891296386719,873.2324,249.18791,,,,,,
431,996.2514,1029.9672,876.5689086914062,247.6303253173828,1763.7965087890625,349.8160095214844,876.19604,249.23836,,,,,,
432,995.44336,1029.0544,876.6447143554688,248.07797241210938,1763.7894287109375,350.23553466796875,877.39087,248.93367,,,,,,
433,995.9035,1028.024,877.6473999023438,247.6945037841797,1762.7314453125,350.8690490722656,877.2562,248.82033,,,,,,
434,994.41437,1028.209,878.1282348632812,247.68312072753906,1762.82470703125,350.17047119140625,877.7803,248.07945,,,,,,
435,992.8372,1026.4882,876.4476318359375,247.85494995117188,1762.79736328125,349.8777160644531,876.3552,247.47635,,,,,,
436,991.8358,1024.1042,875.45654296875,248.08364868164062,1762.7076416015625,349.4793395996094,876.5299,247.44968,,,,,,
437,991.47,1025.5522,875.9207153320312,248.42669677734375,1762.4541015625,350.3356018066406,875.089,247.28738,,,,,,
438,991.6597,1028.1313,875.7866821289062,248.8539276123047,1762.36083984375,351.4695739746094,873.9381,248.88148,,,,,,
439,993.35724,1031.3212,874.6787109375,248.8828582763672,1762.671142578125,351.2243957519531,871.73926,245.26639,,,,,,
440,995.7898,1036.8369,874.4476318359375,248.45654296875,1761.3343505859375,350.38507080078125,872.09424,248.33727,,,,,,
441,998.5521,1041.6838,874.223876953125,248.2064666748047,,,871.08484,246.01941,,,,,,
442,998.91437,1045.8325,872.8260498046875,247.64712524414062,1758.7833251953125,354.9303894042969,869.72766,248.09027,,,,,,
443,998.16907,1048.0588,871.8160400390625,246.77622985839844,1758.092529296875,355.6905822753906,868.5261,248.35498,,,,,,
444,869.83813,248.26945,998.3712768554688,1047.13134765625,,,867.02844,249.2619,,,,,,
445,997.3612,1047.8232,868.707275390625,248.99594116210938,,,865.7239,250.07106,,,,,,
446,998.56396,1046.9403,864.9119262695312,251.03636169433594,,,864.7052,250.8741,,,,,,
447,1003.5616,1046.1482,863.2593383789062,250.3424835205078,,,863.2041,249.77382,,,,,,
448,1004.88354,1044.1638,863.5259399414062,250.0806427001953,1755.5302734375,359.1741027832031,862.71375,251.14221,,,917.6986083984375,226.3759307861328,,
449,1005.42816,1042.8043,863.486572265625,250.55726623535156,1755.02294921875,360.13055419921875,862.5443,250.68152,,,,,,
450,1020.48016,1045.7175,863.1575317382812,250.7747039794922,1753.6746826171875,363.87744140625,861.9198,250.02728,,,940.8572998046875,242.8671875,,
451,1040.2322,1045.7231,863.285888671875,250.63087463378906,1753.15625,365.1328430175781,861.62463,250.09845,,,,,,
452,1061.2957,1046.8921,1752.591796875,365.6742858886719,864.4103393554688,250.00218200683594,860.90784,249.66779,,,,,,
453,1090.7777,1048.2173,1752.019775390625,365.0607604980469,865.3167114257812,249.10235595703125,861.55457,249.48909,,,980.552001953125,276.7991943359375,,
454,1118.0398,1047.4998,866.1356201171875,248.81227111816406,1752.0098876953125,364.2913513183594,861.8917,249.88109,,,995.8624267578125,291.1924133300781,,
455,1134.3428,1045.1387,867.09912109375,248.0954132080078,1752.6353759765625,360.9465026855469,862.9636,249.4782,,,,,,
456,1145.6178,1037.616,867.6317138671875,247.3418426513672,1751.1075439453125,364.962646484375,865.02747,250.39366,,,,,,
457,1157.608,1045.1321,1750.960693359375,365.1872863769531,868.1609497070312,247.09185791015625,865.8928,249.4588,,,,,,
458,1173.4579,1042.9814,1750.76806640625,366.2554626464844,871.6080322265625,246.5402069091797,867.3423,248.79576,,,,,,
459,1200.0881,1043.0365,1750.065673828125,366.3435974121094,873.2245483398438,246.05165100097656,869.98474,248.07442,,,1084.5380859375,401.60009765625,,
460,1232.7661,1040.1018,1750.142578125,366.3204040527344,873.9869384765625,246.7418670654297,873.5637,249.45027,,,1105.5728759765625,430.7356262207031,,
461,1229.6116,1042.0696,1750.30517578125,365.6260986328125,875.6392822265625,247.62464904785156,876.08545,249.34027,1270.155029296875,1040.9593505859375,1127.3560791015625,463.828857421875,,
462,1267.7522,1044.7076,1749.3497314453125,366.8567810058594,877.1277465820312,247.50970458984375,877.2936,248.40417,,,,,,
463,1306.7368,1050.1902,1748.9564208984375,366.7350158691406,880.1114501953125,247.84364318847656,879.19336,248.58046,,,,,,
464,1323.532,1055.0288,1748.236083984375,367.9573669433594,881.3779907226562,246.8550567626953,880.37195,248.59349,,,1195.070556640625,564.7891235351562,,
465,1339.1765,1052.6941,1747.52734375,368.0399169921875,883.2437744140625,248.55935668945312,883.78564,247.53708,,,1217.1724853515625,562.1030883789062,,
466,1352.3113,1051.3867,1747.098876953125,367.97088623046875,884.7763671875,247.10874938964844,884.9944,249.09941,,,1239.97265625,561.3045043945312,,
467,1375.6777,1056.4896,1746.4036865234375,367.8835144042969,885.796142578125,245.2942352294922,885.6986,249.58769,,,1261.8414306640625,562.0933837890625,,
468,1397.4426,1054.5542,1745.379638671875,368.94342041015625,888.2865600585938,246.18626403808594,887.12024,249.73477,,,1285.6131591796875,564.2313232421875,,
469,1412.562,1053.256,1745.4215087890625,369.77490234375,888.8763427734375,246.20770263671875,889.1111,249.89917,,,,,,
470,1434.1101,1053.0938,1744.5257568359375,369.6689758300781,889.6942138671875,246.86961364746094,891.301,251.13727,,,,,,
471,1434.2078,1056.9562,1743.434326171875,369.3306884765625,890.8910522460938,247.95150756835938,892.8557,251.75874,,,1363.2445068359375,583.2968139648438,,
472,1439.3494,1054.9185,1742.9013671875,368.6905212402344,892.3196411132812,248.14315795898438,894.33826,250.6439,,,1392.53515625,593.5294189453125,,
473,1452.9556,1053.9045,1742.4034423828125,369.795166015625,893.4036254882812,246.9029083251953,895.1543,247.13174,,,1421.90234375,605.8719482421875,,
474,1458.9501,1054.8706,1742.662109375,369.2616882324219,895.8115234375,246.5303192138672,895.16003,249.89209,,,1453.1090087890625,620.75439453125,,
475,1468.3857,1047.5625,1741.53271484375,370.83868408203125,896.2950439453125,245.9519805908203,895.401,249.23676,,,1484.90380859375,639.041259765625,,
476,1476.2397,1048.8413,1740.755859375,371.56201171875,896.3145751953125,245.6464385986328,896.1238,246.81448,,,1518.31201171875,659.45849609375,,
477,1483.36,1049.4927,1740.75,371.73944091796875,897.232666015625,243.4397735595703,896.9784,247.38382,,,1553.6964111328125,682.8960571289062,,
478,1497.0701,1051.0042,1740.3343505859375,371.0578308105469,897.2103271484375,243.5584259033203,897.0796,246.37329,,,1589.197998046875,711.4666748046875,,
479,1514.5671,1040.7705,1739.884765625,371.22265625,897.6837158203125,242.8930206298828,897.37427,245.28076,,,1625.113037109375,741.0330810546875,,
480,1738.5879,371.0657,898.304443359375,243.53466796875,1545.5419921875,1031.5411376953125,897.70044,245.61548,1569.379150390625,1003.4906616210938,1661.520263671875,774.7548828125,,
481,1547.388,1015.96655,1737.6785888671875,371.9889221191406,898.811279296875,243.3133544921875,898.0996,244.06818,,,1662.9227294921875,758.8510131835938,,
482,1557.5176,1009.9173,1737.570556640625,370.7983093261719,899.1974487304688,242.35739135742188,898.5913,243.52023,,,1614.064453125,671.8436889648438,,
483,1569.3591,1008.8278,1736.887939453125,371.4031066894531,899.9668579101562,244.53016662597656,899.2217,243.48785,,,1566.857177734375,593.861572265625,,
484,1590.2413,1015.3786,1736.3551025390625,371.48504638671875,900.3143310546875,244.8614044189453,899.9967,243.48898,,,1523.383056640625,525.879638671875,,
485,1595.4531,1011.1498,1735.6717529296875,371.6505432128906,900.6117553710938,243.88751220703125,900.7766,243.32278,,,,,,
486,1596.2333,1010.56805,1735.546142578125,372.4859313964844,901.7559814453125,244.5546112060547,900.5006,243.02869,,,,,,
487,1595.0079,1010.8195,1735.0880126953125,375.4825134277344,901.9400024414062,244.37814331054688,900.76575,243.22107,,,,,,
488,1593.8618,1009.9156,1734.3837890625,374.46405029296875,901.5867919921875,244.84690856933594,900.5259,242.8779,,,,,,
489,1592.7388,1006.55365,1734.00439453125,374.1439208984375,900.9376831054688,244.88392639160156,900.70715,244.11014,,,,,,
490,1592.8765,1008.5784,1734.06494140625,374.5179138183594,901.24169921875,244.82583618164062,900.65063,244.26788,,,,,,
491,1595.0618,1010.7755,1733.638671875,374.9947204589844,901.1683959960938,244.9793243408203,901.0542,244.26468,,,,,,
492,1597.7617,1016.5895,1731.830078125,375.9504089355469,901.067138671875,244.9980010986328,901.62805,244.755,,,,,,
493,1602.5416,1020.99194,1731.6273193359375,373.6498107910156,901.4930419921875,245.00372314453125,901.9435,245.3085,,,,,,
494,1609.4226,1022.7735,1731.4661865234375,377.1910705566406,906.5169067382812,245.27952575683594,902.62634,241.65378,,,,,,
495,1616.2258,1028.3462,1731.016845703125,376.3654479980469,908.9560546875,244.7457733154297,905.0409,243.43619,,,,,,
496,1613.7678,1028.8599,1730.808837890625,375.9591979980469,910.9934692382812,243.28330993652344,907.70154,242.44168,,,,,,
497,1621.0459,1026.5369,1730.577880859375,376.0709533691406,915.25634765625,242.32957458496094,911.14856,244.17953,,,,,,
498,1624.4341,1022.4161,1730.1265869140625,375.4767150878906,917.291015625,242.0929412841797,916.0908,242.1124,,,,,,
499,1623.5399,1018.4588,1730.02587890625,377.1094055175781,921.5328369140625,243.38937377929688,919.85767,242.80804,,,,,,
500,1616.6089,1018.72894,1729.405517578125,377.1719055175781,922.2975463867188,242.1605682373047,922.662,242.17136,,,,,,
501,1603.1555,1021.61096,1729.31689453125,378.4366455078125,924.2530517578125,241.79795837402344,924.71204,240.04514,,,,,,
502,1585.4661,1027.4497,1729.1727294921875,376.7867736816406,927.2783203125,241.9508514404297,926.459,242.97632,,,,,,
503,1572.7048,1023.43634,1728.4376220703125,376.5767517089844,929.3076782226562,242.9249267578125,929.36926,242.50516,,,,,,
504,1561.1823,1024.6699,1727.1512451171875,377.99542236328125,930.8516845703125,242.49623107910156,933.17615,242.65591,,,,,,
505,1537.0085,1021.0815,1725.417724609375,379.0528259277344,935.4091186523438,243.29576110839844,936.30176,242.74841,,,,,,
506,1536.2637,1021.70715,1725.63134765625,380.127685546875,936.8926391601562,243.3732147216797,937.5928,242.64157,,,,,,
507,1507.907,1026.8025,940.8905639648438,246.0908660888672,1724.707275390625,380.9346618652344,938.81714,244.29639,,,,,,
508,1516.3899,1011.70807,943.970947265625,247.1040802001953,1724.1324462890625,379.1510925292969,941.8541,246.34006,,,,,,
509,1479.0927,1010.58984,945.7108154296875,245.87164306640625,1723.2913818359375,379.68377685546875,942.33984,245.82376,,,,,,
510,1458.3569,1018.55914,948.4249877929688,243.76771545410156,1722.595458984375,378.2687072753906,945.8644,246.66959,,,,,,
511,1446.1624,1032.7405,950.5341796875,244.07546997070312,1722.818115234375,379.5630798339844,952.2706,245.9039,,,,,,
512,1442.3467,1016.8145,955.8931884765625,243.57797241210938,1721.562744140625,378.83197021484375,955.5132,244.78027,,,,,,
513,1421.3115,1036.4073,1721.2841796875,379.2906188964844,958.3712768554688,243.3786163330078,959.3876,245.31985,,,,,,
514,1412.1973,1041.4838,1720.7978515625,379.5482482910156,962.121826171875,244.17050170898438,963.2511,246.04617,,,,,,
515,1398.2925,1049.6277,1719.6961669921875,380.7803649902344,964.8736572265625,246.02352905273438,965.38635,246.25754,,,,,,
516,1387.6562,1052.98,1719.107421875,382.29803466796875,968.4306030273438,246.8851318359375,970.09644,244.00452,,,,,,
517,1378.6545,1051.3547,1719.188232421875,383.8437194824219,969.94921875,246.1448974609375,972.71387,244.10703,,,,,,
518,1353.56,1050.1666,1718.986083984375,380.8885803222656,972.9210205078125,245.8933868408203,975.0858,245.13022,,,1288.80615234375,793.498291015625,,
519,1332.7139,1047.4023,1717.7406005859375,384.5993347167969,975.9581909179688,243.55801391601562,977.2179,244.59863,,,1282.752197265625,794.6680908203125,,
520,1317.6412,1049.5186,1717.344482421875,384.6957702636719,976.4617309570312,242.45570373535156,981.07324,245.25204,,,1273.4554443359375,795.0064697265625,,
521,1293.3674,1040.8553,1716.809814453125,386.1020812988281,980.0828247070312,240.2823944091797,980.62085,240.08252,,,,,,
522,1275.3115,1045.8992,1717.01513671875,388.09332275390625,985.1748046875,243.4910888671875,987.2075,245.00894,979.8140869140625,241.7582244873047,,,,
523,1255.2845,1056.7759,1716.391845703125,388.2804870605469,988.80224609375,244.65618896484375,989.6228,245.24268,,,,,,
524,1220.8691,1053.2356,1716.447509765625,388.2371520996094,994.001220703125,245.8762664794922,992.39233,244.21414,,,,,,
525,1187.5908,1059.8884,1715.6348876953125,388.1129150390625,995.0269775390625,246.09768676757812,990.9026,245.65079,,,,,,
526,1160.232,1059.5168,1716.081787109375,388.2536315917969,995.5867309570312,244.3692169189453,994.7103,244.81372,,,,,,
527,1139.7087,1061.7319,1714.943115234375,389.1092224121094,997.2178344726562,243.38763427734375,998.4182,243.83942,,,,,,
528,1131.1061,1068.523,1000.1423950195312,240.239501953125,1713.5020751953125,386.5079040527344,999.8324,240.6618,,,,,,
529,1120.6497,1066.8396,1001.25390625,240.8235626220703,1714.080810546875,387.3885803222656,1000.59204,239.71179,,,,,,
530,1110.7354,1061.4803,1712.1419677734375,388.0122985839844,1005.3790283203125,240.55125427246094,1004.89246,241.98148,,,,,,
531,1097.4299,1050.847,1713.19189453125,387.70880126953125,1006.7418823242188,239.9322509765625,1007.70746,242.71152,,,,,,
532,1084.312,1053.9192,1711.4373779296875,385.7241516113281,1010.1419677734375,243.04751586914062,1008.79816,241.89267,,,,,,
533,1065.2197,1051.2441,1709.3133544921875,385.81634521484375,1011.5498046875,243.4017791748047,1009.4426,242.23459,,,,,,
534,1041.0437,1048.2073,1709.204345703125,388.5534973144531,1011.8170776367188,242.90484619140625,1009.7888,242.66696,,,,,,
535,1018.1433,1040.1279,1709.0394287109375,386.72601318359375,1013.99560546875,242.8520965576172,1012.06525,242.1395,,,,,,
536,989.2484,1040.8616,1014.5822143554688,242.78761291503906,1706.73095703125,386.870361328125,1013.20123,242.88123,,,,,,
537,965.14496,1038.2501,1016.30859375,243.4905242919922,,,1013.78796,242.63904,,,,,,
538,945.9738,1036.9644,1016.694580078125,244.16180419921875,,,1013.89966,242.31253,,,,,,
539,928.26855,1035.0852,1017.556396484375,243.3837432861328,,,1014.4052,241.88498,,,,,,
540,915.7085,1032.917,1018.1553955078125,241.20460510253906,,,1015.1878,240.18506,,,,,,
541,906.384,1037.2837,1018.5032958984375,241.6739959716797,,,1012.41284,240.73022,,,,,,
542,894.0679,1041.9946,1019.5546875,240.1667938232422,,,1012.9865,239.17654,,,,,,
543,890.3438,1045.2166,1019.3987426757812,239.9142608642578,1698.4091796875,391.5883483886719,1016.77313,238.27505,,,,,,
544,890.9837,1046.8403,1019.3655395507812,239.93435668945312,,,1016.5134,238.41629,,,,,,
545,891.23035,1045.9934,1019.4086303710938,240.08335876464844,,,1016.8697,238.31448,,,,,,
546,891.49054,1045.0996,1019.7125854492188,240.23255920410156,,,1017.6862,237.26431,,,,,,
547,890.1029,1045.995,1019.6207275390625,239.8372344970703,,,1017.22986,239.52347,,,,,,
548,886.8118,1044.5328,1019.5152587890625,242.31866455078125,,,1015.7578,238.99854,,,,,,
549,882.07556,1044.1233,1019.6371459960938,242.5113983154297,,,1020.21405,240.54782,,,,,,
550,877.4555,1044.3699,1019.8623046875,243.0091094970703,,,1020.7139,241.44528,,,,,,
551,872.29724,1047.1873,1020.0579223632812,243.15565490722656,,,1022.2491,241.62082,,,,,,
552,867.9549,1050.0267,1020.39404296875,243.4237518310547,,,1023.0046,240.92581,,,,,,
553,863.31903,1054.8619,1019.6603393554688,243.03822326660156,,,1021.3465,237.4588,,,,,,
554,857.23584,1062.4574,1019.9779663085938,243.37522888183594,,,1019.9856,234.87592,,,,,,
555,854.4762,1073.7777,1020.5064697265625,244.02516174316406,1693.8900146484375,393.0224609375,1019.8199,238.37088,,,,,,
556,850.45264,1078.9519,1020.14501953125,243.10446166992188,1693.8885498046875,391.6221618652344,1019.7456,237.90579,,,,,,
557,850.4514,1080.0,1020.5718383789062,242.668212890625,,,1020.42065,239.15567,,,,,,
558,850.1563,1080.0,1019.0731811523438,239.8942108154297,1693.31591796875,392.3889465332031,1019.3091,234.7626,,,,,,
559,849.81964,1080.0,1019.5880737304688,241.1448211669922,,,1019.40546,234.20807,,,,,,
560,842.2894,1080.0,1019.8906860351562,242.1935272216797,,,1018.20026,236.91074,,,,,,
561,841.09973,1080.0,1018.5516967773438,240.92413330078125,1692.590087890625,393.9894104003906,1015.57,239.90936,,,,,,
562,838.97144,1080.0,1017.7577514648438,239.7399444580078,1692.6470947265625,393.4029235839844,1014.935,239.99149,,,,,,
563,833.90784,1080.0,1016.6463012695312,240.58140563964844,,,1013.0888,238.86484,,,,,,
564,821.0211,1078.6338,1013.6824340820312,242.02928161621094,,,1012.0184,239.55981,,,,,,
565,791.64514,1080.0,1013.6799926757812,240.906005859375,,,1011.7347,239.00089,,,,,,
566,770.67456,1080.0,1012.2764282226562,243.3339080810547,1693.0799560546875,391.0940246582031,1011.1877,241.13705,1692.919189453125,392.2069396972656,,,,
567,745.1986,1077.4017,1012.3606567382812,243.9261474609375,1692.606689453125,393.8161926269531,1011.48785,240.43225,,,,,,
568,724.3847,1078.0981,1011.701416015625,242.91712951660156,1692.7584228515625,390.8355407714844,1011.3914,239.73279,1692.6368408203125,391.8183898925781,,,,
569,711.4544,1080.0,1008.6932373046875,240.7506561279297,1692.6690673828125,391.1851501464844,1009.0319,240.0328,1692.3878173828125,393.0610656738281,,,,
570,693.6162,1078.3846,1008.0465698242188,241.2567901611328,,,1008.54407,239.67664,,,,,,
571,682.2391,1072.4209,1005.957275390625,241.8102264404297,,,1007.7203,241.29623,,,,,,
572,667.5873,1077.7517,1003.9279174804688,239.2469024658203,1692.951416015625,391.4806823730469,1004.1395,237.48169,,,,,,
573,655.2283,1078.5178,1002.9021606445312,241.32119750976562,1693.0711669921875,391.3596496582031,1002.48157,239.29593,,,,,,
574,643.04736,1079.8752,1692.5863037109375,388.6061096191406,1000.3804321289062,239.5780792236328,1001.8933,239.2941,,,,,,
575,638.5198,1076.7715,1692.35791015625,389.6183166503906,999.3594360351562,240.37673950195312,1001.27026,239.88568,,,,,,
576,627.45,1078.2253,1692.31494140625,390.205810546875,998.6207275390625,240.1983184814453,998.4939,241.54587,,,,,,
577,614.5231,1079.1167,1692.60107421875,390.8160400390625,997.7719116210938,239.21371459960938,995.78345,240.83179,,,,,,
578,589.9784,1076.2974,1693.0107421875,391.2265625,996.0313720703125,240.14044189453125,993.9752,240.35419,,,,,,
579,565.345,1077.293,1692.6851806640625,388.7677917480469,995.27294921875,238.2517547607422,991.91394,238.92514,,,,,,
580,544.2809,1078.5945,1692.544677734375,387.3811950683594,994.541748046875,238.37832641601562,991.1957,239.79105,,,,,,
581,536.90393,1080.0,1692.603515625,387.7750549316406,993.6412353515625,239.296875,990.3303,239.93945,,,,,,
582,522.54755,1079.572,991.968505859375,238.8600311279297,1692.6285400390625,386.992431640625,990.4785,240.10541,,,,,,
583,508.84183,1077.2032,990.696533203125,238.86485290527344,1691.6771240234375,387.12982177734375,990.8324,240.29544,,,754.8585205078125,269.1284484863281,,
584,496.84665,1073.6423,1689.7437744140625,387.5557556152344,989.515869140625,239.8535919189453,989.2942,241.3262,,,739.29150390625,291.0926818847656,,
585,485.24658,1075.9443,1689.8353271484375,387.8491516113281,988.5006103515625,239.63035583496094,988.2483,239.21634,,,,,,
586,473.09128,1075.6941,1690.10009765625,388.2611389160156,988.0900268554688,240.50491333007812,987.8015,240.86795,,,706.7962646484375,347.80145263671875,,
587,476.37323,1078.3804,1690.825927734375,386.6547546386719,987.70751953125,240.9280242919922,987.29224,240.30698,,,688.838134765625,382.86676025390625,,
588,463.90076,1080.0,1689.425537109375,385.2511901855469,985.96337890625,242.7826690673828,986.41077,241.85074,,,666.8223876953125,419.86810302734375,,
589,458.77548,1080.0,1688.487060546875,386.7243347167969,985.0001220703125,242.66175842285156,984.7665,243.94907,,,648.794677734375,461.7845153808594,,
590,452.87497,1079.105,1687.8985595703125,389.5620422363281,984.65625,242.508544921875,983.969,244.03601,,,630.2213745117188,508.7730712890625,,
591,451.8127,1078.129,1686.7998046875,390.1996154785156,983.5245361328125,243.4193572998047,982.698,244.4754,,,607.6244506835938,557.9676513671875,,
592,448.99017,1076.7615,1685.7392578125,390.3256530761719,982.8887329101562,242.85252380371094,981.77844,244.31723,,,588.3545532226562,611.1129150390625,,
593,442.92432,1080.0,1685.3270263671875,390.6696472167969,982.5686645507812,243.39854431152344,981.27637,243.80698,,,566.707275390625,668.3211059570312,,
594,439.00684,1078.251,1685.867431640625,389.3000183105469,981.6697998046875,242.76573181152344,979.96826,244.17563,,,545.4141235351562,708.7874755859375,,
595,437.69275,1078.647,979.8773803710938,243.6040496826172,1684.95849609375,388.73248291015625,979.1029,245.10123,,,523.0213623046875,703.99169921875,,
596,438.02307,1079.1157,979.4542236328125,244.30751037597656,1682.4810791015625,390.04815673828125,979.30115,247.0792,1686.284423828125,388.9733581542969,501.1964111328125,700.05615234375,,
597,407.72882,1080.0,978.9555053710938,244.88902282714844,1681.37353515625,389.8836975097656,979.3229,247.06076,,,477.88958740234375,696.7100830078125,,
598,432.48892,1080.0,978.498046875,244.1253204345703,1681.031005859375,385.8692932128906,979.3458,247.24936,,,453.2804870605469,694.5704345703125,,
599,451.09354,1080.0,978.4788818359375,244.11959838867188,1681.2542724609375,385.1321105957031,979.2777,247.28311,,,425.73126220703125,694.130859375,,
600,447.3612,1080.0,978.20849609375,244.34825134277344,1681.3333740234375,384.4095153808594,979.079,247.59317,,,399.6944274902344,697.6375732421875,,
601,436.3719,1080.0,978.1389770507812,244.04241943359375,1681.0631103515625,383.0231628417969,979.25,247.61838,,,371.86322021484375,702.0172119140625,,
602,423.44366,1080.0,977.7685546875,243.9312286376953,1681.5439453125,384.3592224121094,979.5604,246.89267,,,340.3125305175781,709.8433837890625,,
603,421.7335,1080.0,978.0391845703125,244.68931579589844,1680.5577392578125,385.6951599121094,979.7184,247.1549,,,307.15484619140625,717.85009765625,,
604,438.7328,1075.5686,978.0032958984375,244.56214904785156,1681.5684814453125,383.6138610839844,980.38464,247.59158,,,274.3138732910156,730.6459350585938,,
605,453.6788,1072.8038,978.142822265625,245.42893981933594,1681.3082275390625,383.33111572265625,980.7649,246.58603,,,371.9268798828125,645.95166015625,,
606,459.19153,1069.4524,978.4976806640625,245.17835998535156,1678.1553955078125,384.9399108886719,980.4668,244.47086,,,,,,
607,460.8494,1071.1777,979.0272216796875,244.61956787109375,1677.27880859375,386.5889587402344,980.60315,246.91046,,,545.6605834960938,508.12017822265625,,
608,461.502,1066.2568,978.8574829101562,244.06324768066406,1676.173095703125,386.9023132324219,980.71545,248.23006,,,612.8987426757812,459.5202331542969,,
609,463.7117,1063.8105,978.9633178710938,245.32728576660156,1678.2652587890625,386.8375549316406,980.3418,248.00749,,,669.8778686523438,419.6192626953125,,
610,466.4993,1061.1338,979.0925903320312,245.95404052734375,1675.4234619140625,388.10302734375,981.01746,248.35335,,,718.0517578125,389.46002197265625,,
611,460.95337,1072.3419,979.4736328125,245.65370178222656,1677.881103515625,386.82037353515625,981.1465,248.8474,,,760.2579956054688,363.7122497558594,,
612,457.03537,1077.0991,980.4559326171875,247.7874755859375,1676.1317138671875,388.7909240722656,981.8906,249.19218,,,795.2113037109375,342.1419677734375,,
613,456.88892,1077.0461,981.1569213867188,248.934814453125,1675.65966796875,387.6900329589844,982.0171,249.47841,,,823.4000244140625,328.4642639160156,,
614,458.33844,1076.2786,981.8856811523438,250.58934020996094,1676.842529296875,382.88079833984375,982.3175,249.37787,,,,,,
615,458.47232,1073.024,983.4000244140625,249.38453674316406,1678.23828125,384.33270263671875,982.8956,249.13629,,,,,,
616,457.03888,1067.404,984.676025390625,249.6942901611328,1675.328857421875,386.5000305175781,982.51917,248.47554,,,,,,
617,460.12885,1064.8398,986.4873046875,249.03492736816406,1673.97216796875,382.2840270996094,983.3607,248.25267,,,,,,
618,473.67938,1067.2375,987.85107421875,249.03492736816406,1672.760009765625,378.6735534667969,985.4081,248.0481,,,926.6096801757812,281.75347900390625,,
619,491.82022,1067.1987,990.5634155273438,247.14161682128906,1670.52197265625,380.3395690917969,988.96106,248.5902,,,939.9091796875,280.2892761230469,,
620,523.6819,1067.728,995.3280029296875,247.45774841308594,1670.4508056640625,383.07489013671875,992.0503,248.87549,,,,,,
621,560.24695,1067.7799,997.1284790039062,247.36331176757812,1670.25048828125,374.5877380371094,995.16833,249.94704,,,963.3095703125,275.6974792480469,,
622,558.1875,1065.7167,1001.016357421875,246.83322143554688,1668.2933349609375,377.4591369628906,1000.15,250.3445,,,972.2059936523438,274.69970703125,,
623,598.1924,1063.9792,1003.237548828125,247.75575256347656,1667.84033203125,376.6854553222656,1004.39844,250.03206,,,980.5546875,274.53765869140625,,
624,604.73804,1063.9377,1006.746826171875,246.65782165527344,1668.4991455078125,375.550048828125,1005.9756,248.36002,,,989.8142700195312,275.751708984375,,
625,603.02075,1059.7546,1010.78515625,251.37240600585938,1668.619140625,371.6628723144531,1008.57947,251.32555,,,997.0108032226562,276.55999755859375,,
626,592.63336,1035.1748,1011.750732421875,250.24085998535156,615.34814453125,1038.22314453125,1010.7128,252.21405,1668.493408203125,375.9844665527344,,,,
627,605.07074,1025.0378,1013.9461669921875,250.5548858642578,1668.3489990234375,381.2999572753906,1015.87054,252.03505,,,,,,
628,622.9866,1021.3101,1016.5053100585938,250.34715270996094,1667.5712890625,379.3514404296875,1016.1548,250.505,,,1014.4494018554688,283.3114013671875,,
629,631.43304,1023.16626,1018.109619140625,249.314208984375,1669.112548828125,378.6576232910156,1018.47833,251.81099,,,,,,
630,635.5038,1027.0334,1018.5260620117188,250.3466033935547,1666.3720703125,378.3943176269531,1019.9428,250.94958,,,,,,
631,649.44446,1016.87054,1019.9571533203125,250.54371643066406,1666.661865234375,377.8730163574219,1020.305,251.97278,,,,,,
632,669.17175,1007.8885,1021.4036865234375,249.45462036132812,1665.891357421875,374.56488037109375,1021.98047,251.54077,,,,,,
633,689.90186,1000.5981,1022.4996948242188,249.73989868164062,1665.12109375,372.1684875488281,1023.5694,251.95668,,,,,,
634,703.7225,1002.70294,1023.4436645507812,249.7479705810547,,,1024.5063,251.77972,,,,,,
635,710.8655,1001.99506,1024.144287109375,249.36085510253906,,,1025.7378,251.0938,,,,,,
636,713.77405,1002.42114,1025.059326171875,249.2548370361328,,,1026.6638,251.98535,,,,,,
637,716.11584,1002.0024,1026.51611328125,249.42425537109375,,,1027.6647,251.87126,,,,,,
638,719.2626,1000.41315,1026.8280029296875,249.6328582763672,,,1027.0029,252.67522,,,,,,
639,720.71155,1001.0577,1028.3756103515625,249.7229461669922,1657.9332275390625,362.9034118652344,1027.1382,251.76503,,,,,,
640,725.0686,999.8063,1029.79150390625,249.89854431152344,1656.9193115234375,361.6018371582031,1027.6895,250.89758,,,,,,
641,728.05817,998.78064,1030.0068359375,250.27671813964844,1656.05517578125,365.0598449707031,1028.7717,252.05833,,,,,,
642,730.59863,998.1766,1028.326171875,250.38450622558594,1654.2564697265625,366.5315856933594,1028.27,251.15033,,,,,,
643,733.7422,1000.1627,1027.196044921875,250.42098999023438,1652.6173095703125,363.35028076171875,1027.4021,251.87561,,,,,,
644,736.8385,1002.92816,1029.743408203125,250.75558471679688,1649.8502197265625,353.7665100097656,1029.5981,252.35391,,,,,,
645,741.8948,1006.63116,1028.98095703125,250.23692321777344,1648.68603515625,347.6603088378906,1031.3135,252.83803,,,,,,
646,746.24866,1011.2576,1031.52099609375,250.07290649414062,1648.835205078125,346.9563903808594,1030.7136,251.22456,,,,,,
647,748.7362,1022.5514,1647.76123046875,347.7593994140625,1029.899658203125,249.92555236816406,1029.869,253.22546,,,,,,
648,750.16473,1030.6718,1647.4244384765625,347.2006530761719,1029.3284912109375,249.96414184570312,1028.146,252.13893,,,,,,
649,749.44214,1034.0486,1029.8306884765625,252.07012939453125,1646.6378173828125,348.2142639160156,1030.6057,253.51076,,,,,,
650,749.28217,1035.4531,1030.2200927734375,251.87741088867188,,,1030.6887,253.10168,,,,,,
651,749.282,1031.2456,1029.475830078125,251.5460662841797,,,1030.0986,253.36427,,,,,,
652,752.4122,1026.0908,1027.8046875,251.4213409423828,1643.335205078125,351.52252197265625,1029.6006,253.53448,,,,,,
653,756.75183,1026.8613,1025.0673828125,250.41183471679688,1642.4505615234375,354.7225646972656,1028.0845,253.81532,,,,,,
654,760.7434,1040.7891,1023.15576171875,250.26145935058594,1641.67529296875,342.24078369140625,1027.2266,253.92625,,,,,,
655,768.69885,1050.6987,1022.5697631835938,250.1326904296875,1641.495849609375,343.0067443847656,1026.257,253.87105,,,,,,
656,781.8565,1063.8995,1022.4784545898438,250.10755920410156,,,1025.845,253.33311,,,989.9119873046875,236.9372100830078,,
657,788.1764,1071.8164,1019.9556884765625,249.8983154296875,,,1025.6196,253.18233,,,,,,
658,792.2763,1077.3615,1019.2189331054688,250.0905303955078,,,1023.57684,253.14781,,,978.2828979492188,256.901611328125,,
659,786.8904,1078.9238,1017.4235229492188,250.3491668701172,1636.412841796875,348.40753173828125,1019.89484,252.12852,,,972.2833862304688,268.55950927734375,,
660,793.045,1080.0,1014.3208618164062,250.69395446777344,1634.290771484375,345.5570983886719,1016.4754,251.1739,,,965.933349609375,281.51202392578125,,
661,788.70776,1080.0,1011.1608276367188,249.79042053222656,,,1010.94196,253.0974,,,,,,
662,785.59546,1080.0,1006.6527099609375,248.8553466796875,1631.8092041015625,342.0555725097656,1007.8551,252.23817,,,,,,
663,779.3186,1080.0,1631.0701904296875,342.0430603027344,1005.3328857421875,247.2986297607422,1005.8862,250.81139,,,702.2861938476562,796.593505859375,,
664,783.5647,1080.0,1002.721435546875,249.9686279296875,1630.167236328125,338.5403747558594,1003.3004,249.76671,,,937.8432006835938,360.7479553222656,,
665,778.3744,1080.0,1000.651611328125,249.7756805419922,1629.000244140625,338.2391052246094,1000.765,249.57648,,,929.256103515625,387.4451904296875,,
666,776.83997,1080.0,998.9848022460938,248.47010803222656,1628.114013671875,336.25482177734375,999.2175,250.04933,,,,,,
667,783.7577,1080.0,996.6174926757812,249.4764404296875,1626.2685546875,335.17333984375,997.22327,249.49731,,,,,,
668,789.3637,1080.0,995.314453125,248.3507537841797,1626.400634765625,334.3616027832031,994.6023,249.1178,,,,,,
669,791.87683,1080.0,993.4398193359375,247.6593017578125,1625.1357421875,330.9939880371094,991.7832,250.08669,,,,,,
670,797.6058,1079.5159,990.264404296875,245.82041931152344,1622.852294921875,331.8384704589844,989.2943,248.533,,,877.0538940429688,574.053955078125,,
671,808.4199,1079.1998,988.9238891601562,246.82992553710938,1620.5269775390625,334.2325744628906,987.62146,249.63562,,,866.0775756835938,625.3273315429688,,
672,818.1465,1078.882,986.5046997070312,247.7056121826172,1619.7930908203125,335.5322265625,983.402,248.68001,,,851.9534301757812,682.1026000976562,,
673,824.48413,1078.5278,981.8597412109375,247.728515625,1618.455810546875,334.8207702636719,985.61597,249.36829,,,837.3611450195312,745.3534545898438,,
674,849.63806,1078.5752,979.6146240234375,246.69544982910156,1616.606689453125,333.2543640136719,978.1395,247.68652,801.142822265625,1079.011962890625,826.0159912109375,749.3814086914062,,
675,976.16364,245.48872,833.5779418945312,1078.8134765625,,,975.8645,247.34604,,,812.9105224609375,752.0639038085938,,
676,820.3639,1080.0,974.2820434570312,245.8571319580078,,,975.3745,248.84108,,,800.3405151367188,754.2100830078125,,
677,835.9631,1080.0,973.1246337890625,245.94337463378906,,,974.9957,248.94807,,,786.4232177734375,758.9821166992188,,
678,846.1732,1080.0,972.6802368164062,245.2991485595703,,,974.6123,248.66827,,,771.9671630859375,766.1771240234375,,
679,863.94714,1079.9067,971.531982421875,245.5411376953125,,,974.0204,248.85553,,,754.5257568359375,777.3418579101562,,
680,887.3809,1080.0,970.9716796875,245.5997772216797,,,972.5967,248.47247,,,735.5277709960938,790.2841186523438,,
681,898.14636,1080.0,968.9957885742188,244.2250213623047,,,969.62415,246.4555,,,716.400634765625,806.9717407226562,,
682,881.2187,1080.0,967.78955078125,242.75331115722656,,,969.1876,243.2077,,,697.2180786132812,825.3914794921875,,
683,868.23096,1080.0,964.9271240234375,242.25856018066406,,,967.2383,242.03494,,,677.0615234375,850.5333251953125,,
684,874.52783,1080.0,963.5857543945312,242.98765563964844,,,964.1493,244.19528,,,651.7684326171875,877.2078857421875,,
685,896.30994,1080.0,962.526611328125,243.3177032470703,,,962.91565,242.57025,,,661.172119140625,803.7928466796875,,
686,912.8531,1074.8801,961.7596435546875,242.5517120361328,,,961.3533,241.45993,,,682.7520141601562,693.5663452148438,,
687,926.88513,1076.8823,960.8838500976562,242.97482299804688,,,960.4303,242.88412,,,701.1204833984375,606.324951171875,,
688,937.54205,1077.0854,957.7915649414062,244.20094299316406,,,958.23,242.04547,,,716.096435546875,538.1124267578125,,
689,942.2736,1077.1143,957.2374877929688,244.54559326171875,,,956.61414,242.10208,,,729.289794921875,482.26568603515625,,
690,952.0266,1080.0,955.9791870117188,244.28004455566406,,,954.5741,242.10477,,,738.8582763671875,437.7794189453125,,
691,956.91174,1079.5227,954.1446533203125,242.25445556640625,,,953.1322,241.76932,,,749.9544677734375,401.9739074707031,,
692,961.0954,1080.0,953.36279296875,245.30648803710938,1597.7176513671875,328.15008544921875,952.30615,242.31107,,,,,,
693,964.0518,1080.0,952.6285400390625,245.97726440429688,1596.0765380859375,327.6217041015625,952.10315,243.367,,,763.369384765625,353.5941162109375,,
694,969.44165,1080.0,1595.3206787109375,329.967529296875,950.3734130859375,244.2612762451172,950.5044,243.85764,,,,,,
695,969.59326,1080.0,951.8450317382812,246.0904998779297,1595.203125,329.488037109375,949.3258,242.88852,,,,,,
696,968.7607,1080.0,948.1424560546875,246.7006072998047,1594.7376708984375,325.99029541015625,948.6113,242.82031,,,,,,
697,962.12225,1080.0,944.2743530273438,246.22984313964844,1593.3861083984375,325.8656005859375,948.5121,242.92899,,,,,,
698,948.4164,1080.0,941.53125,245.55198669433594,1592.388427734375,326.23553466796875,946.2782,243.39923,,,,,,
699,949.03094,1079.5457,935.6134643554688,239.7965545654297,1590.619140625,322.8791198730469,935.2008,239.83704,,,,,,
700,955.3871,1079.2672,935.2940673828125,240.591064453125,928.0724487304688,238.41879272460938,928.84863,238.00931,,,,,,
701,957.7709,1079.0767,926.8720092773438,241.0287322998047,,,924.4363,237.96426,,,796.3208618164062,276.3976135253906,,
702,958.38776,1079.5679,924.39404296875,242.1741485595703,1587.53759765625,323.2552490234375,920.54504,236.15775,,,,,,
703,956.5798,1079.0239,921.280517578125,240.82310485839844,,,916.90564,238.59238,,,,,,
704,955.84314,1080.0,918.4216918945312,242.1727752685547,,,912.23157,240.34204,,,,,,
705,953.1559,1079.6514,913.166015625,241.6247100830078,,,909.97375,244.1597,,,,,,
706,948.7839,1080.0,908.905517578125,241.17320251464844,,,909.02234,242.48517,,,,,,
707,946.3124,1080.0,905.2263793945312,242.6252899169922,,,906.2445,243.26788,,,,,,
708,946.8915,1080.0,899.4937744140625,242.7762908935547,,,898.6266,241.84564,,,,,,
709,947.0991,1079.2332,898.2322998046875,242.2045440673828,,,895.06616,241.57886,,,,,,
710,945.12256,1080.0,895.5454711914062,242.634521484375,,,891.4092,240.23541,,,,,,
711,943.5207,1074.7819,891.9266357421875,242.2855682373047,,,889.18274,241.62912,,,,,,
712,945.0421,1067.3845,889.468505859375,245.1520538330078,,,887.2306,242.83408,,,,,,
713,949.16785,1052.3936,887.4068603515625,243.23419189453125,1576.568115234375,320.8245849609375,883.9175,243.17789,,,,,,
714,954.8428,1048.2734,884.2717895507812,244.29246520996094,1576.301513671875,321.52960205078125,882.18384,243.08646,,,,,,
715,961.7165,1044.2026,882.3604125976562,243.80763244628906,1575.862060546875,320.693359375,881.33386,243.6409,,,,,,
716,968.3441,1042.7825,1574.8011474609375,320.75262451171875,879.749755859375,243.3402557373047,880.673,246.0051,,,,,,
717,971.7023,1046.0171,1573.837646484375,319.735595703125,877.3002319335938,244.58175659179688,876.756,246.4653,,,,,,
718,978.0249,1051.9983,1573.051513671875,320.4078369140625,875.7678833007812,244.02845764160156,874.6411,247.39893,,,,,,
719,982.9684,1054.6099,874.6162719726562,244.76014709472656,1572.7957763671875,319.54541015625,872.5498,247.29678,,,,,,
720,985.1258,1055.6865,871.887451171875,249.46678161621094,1572.3369140625,318.2647705078125,870.8773,249.15498,,,,,,
721,984.8563,1055.2078,871.7924194335938,248.2529296875,1572.0377197265625,317.919677734375,868.6349,249.07468,,,,,,
722,982.03937,1053.6438,870.67529296875,248.55596923828125,,,867.2842,249.61975,,,,,,
723,981.10876,1049.7784,869.3221435546875,248.1454620361328,,,864.91394,249.77327,,,,,,
724,981.7182,1047.4698,868.7564697265625,247.55828857421875,,,866.8982,249.08727,,,,,,
725,985.8414,1046.2401,869.5720825195312,247.1129608154297,,,867.0853,248.85942,,,,,,
726,989.3317,1045.1353,867.0653076171875,248.0467071533203,1569.6954345703125,315.3347473144531,865.8722,247.72205,,,,,,
727,992.79144,1044.7341,867.0968627929688,248.62367248535156,,,867.17737,247.70602,,,,,,
728,993.9313,1044.1282,866.783447265625,249.68568420410156,1567.1689453125,311.7158203125,866.43994,248.17766,,,,,,
729,997.7861,1044.7188,865.5706787109375,249.1549530029297,1565.9150390625,311.7403564453125,863.0823,248.58882,,,,,,
730,1004.1414,1046.6602,863.4676513671875,248.49005126953125,,,863.42004,248.79015,,,,,,
731,1009.18994,1050.3767,863.3355102539062,248.5691680908203,,,863.3982,248.81514,,,,,,
732,1013.06775,1054.676,862.5921630859375,248.23553466796875,,,863.3977,248.71263,,,,,,
733,1017.267,1061.8634,862.158447265625,249.05703735351562,,,862.827,248.9763,,,,,,
734,1020.6925,1062.8625,860.8385009765625,248.60508728027344,,,858.61755,249.28246,,,,,,
735,1022.1785,1062.3179,860.0562744140625,248.739990234375,,,857.6216,249.83545,,,,,,
736,1022.4333,1064.5869,859.7626342773438,248.5917205810547,,,857.19006,250.23679,,,,,,
737,1023.37964,1063.4535,857.8265380859375,247.31968688964844,,,855.70325,250.17505,,,,,,
738,1026.0476,1057.9941,857.2518310546875,247.19033813476562,,,855.3247,250.59367,,,,,,
739,1025.199,1056.3513,856.878173828125,249.1166534423828,,,855.19055,250.06653,,,904.8748779296875,275.6907958984375,,
740,1034.0625,1053.4199,856.4280395507812,248.1753387451172,,,853.7783,250.12915,,,,,,
741,1054.7142,1052.1443,856.9784545898438,248.63755798339844,,,855.2942,250.37025,,,,,,
742,1082.3767,1055.7789,857.1849365234375,248.5660400390625,,,854.8744,250.73677,,,,,,
743,1110.7753,1052.9253,857.9176025390625,248.94461059570312,,,855.1958,250.53651,,,,,,
744,1114.3411,1052.9089,858.1666259765625,249.45089721679688,,,855.4973,250.4961,,,,,,
745,1153.8765,1050.5745,1123.072021484375,1048.61767578125,859.5238037109375,249.7767791748047,857.24036,250.58698,,,980.721923828125,394.1502380371094,,
746,1127.6808,1048.0045,863.18701171875,249.51356506347656,,,859.40015,249.17241,,,999.4779663085938,424.90753173828125,,
747,1136.7852,1052.877,865.1669311523438,249.79417419433594,1552.0042724609375,306.9665222167969,861.1,249.36676,,,1015.9803466796875,459.7550354003906,,
748,1154.0588,1055.1919,867.7152099609375,249.41455078125,,,863.77686,249.45747,,,1036.9486083984375,495.5906982421875,,
749,1169.0388,1056.4932,868.959228515625,248.3887939453125,,,866.52576,249.54417,,,1058.554931640625,538.4542846679688,,
750,1185.8856,1054.4736,869.693359375,247.38633728027344,,,870.0408,248.28664,,,1078.97509765625,571.0228271484375,,
751,1195.9149,1053.7632,873.3074340820312,247.51785278320312,,,872.1439,248.117,,,1097.5396728515625,579.195556640625,,
752,1201.547,1055.4814,875.1767578125,247.7017822265625,,,873.6708,249.26729,,,1116.95703125,585.52294921875,,
753,1208.5173,1056.3962,877.2264404296875,248.9659881591797,,,875.84766,249.00002,,,1139.32666015625,593.8169555664062,,
754,1215.9733,1053.7761,878.3360595703125,249.27218627929688,,,878.5298,249.37495,,,1161.9398193359375,606.3787231445312,,
755,1201.7422,1054.4333,880.2073974609375,248.1903533935547,,,880.7333,249.11742,,,1186.392578125,619.135498046875,,
756,1206.817,1055.2354,883.3833618164062,247.26072692871094,,,883.44336,251.12372,,,1211.9322509765625,638.8562622070312,,
757,1210.602,1054.955,883.7080688476562,247.78427124023438,,,883.87476,250.95921,,,1239.933837890625,658.68505859375,,
758,1216.142,1051.6603,885.4178466796875,247.6859130859375,,,884.68726,251.0901,,,1269.6875,684.3651123046875,,
759,1222.5852,1053.3423,886.5220947265625,249.1179656982422,,,886.4885,249.35503,,,1301.769775390625,712.289306640625,,
760,1236.31,1051.2009,888.150390625,246.8755340576172,,,889.026,249.02092,,,1335.9453125,745.8922119140625,,
761,1256.2589,1048.9338,889.9383544921875,243.9318389892578,,,889.8374,246.92447,,,1374.055419921875,782.320556640625,,
762,1289.9833,1028.7236,891.3336181640625,244.09410095214844,,,891.7384,244.77847,,,1409.5018310546875,821.503173828125,,
763,1261.6798,1014.47516,894.4868774414062,243.11981201171875,,,894.66943,245.11737,,,1361.84765625,719.5677490234375,,
764,1275.239,1011.51227,898.0487060546875,245.88748168945312,,,896.78723,246.40775,,,1320.16748046875,632.682861328125,,
765,1271.4988,1000.1038,899.7390747070312,245.59190368652344,,,898.9525,246.54382,,,1283.683837890625,560.786376953125,,
766,1282.8438,1000.6861,900.4531860351562,242.8596954345703,,,900.9131,246.4285,,,1251.9072265625,502.411376953125,,
767,1293.0586,1002.1326,902.7674560546875,244.74093627929688,,,903.87805,247.93088,,,,,,
768,1291.1498,998.3359,905.3968505859375,244.81419372558594,,,905.6006,247.00778,,,,,,
769,1298.3043,996.26605,907.7615356445312,244.8386993408203,901.947509765625,243.73838806152344,908.3313,247.74722,,,,,,
770,1301.0332,1003.3173,909.911865234375,245.54420471191406,,,909.9645,246.62534,,,,,,
771,1302.092,1002.5684,909.9415283203125,245.7776641845703,,,910.55444,247.41455,,,,,,
772,1301.874,999.7753,911.3626098632812,246.68234252929688,,,911.53125,248.4425,,,,,,
773,1302.6688,996.8936,912.6615600585938,246.286376953125,,,911.9198,247.6048,,,,,,
774,1306.648,1001.67755,912.6412353515625,246.5104522705078,,,911.2728,247.5476,,,,,,
775,1308.3007,1001.20807,919.031005859375,244.3223876953125,,,914.49646,244.9126,,,,,,
776,1309.7087,1004.1762,921.3715209960938,243.44395446777344,,,917.2213,245.41159,,,,,,
777,1309.4746,1004.4417,924.0245361328125,244.3560791015625,,,920.7019,240.99069,,,1084.66650390625,245.12188720703125,,
778,1312.0479,1003.9367,925.34765625,245.33053588867188,,,924.5958,243.1979,,,,,,
779,1315.4631,1003.2387,928.0508422851562,245.8638153076172,,,927.75586,242.33469,,,,,,
780,1321.4647,1004.71234,930.3640747070312,245.93719482421875,,,930.7158,248.47319,,,,,,
781,1323.7101,1004.24945,934.32568359375,247.45472717285156,,,932.26514,248.63362,,,,,,
782,1319.5706,1007.91284,935.630859375,247.69432067871094,,,935.00354,248.15514,,,,,,
783,1309.7308,1012.3476,937.1951904296875,246.4219512939453,,,936.64307,248.12517,,,,,,
784,1293.24,1015.4566,938.8231201171875,247.49761962890625,,,938.63074,248.38899,,,,,,
785,1275.8939,1017.29193,940.922119140625,245.96035766601562,,,939.39465,247.9338,,,,,,
786,1258.8086,1016.6653,943.432861328125,244.27674865722656,,,940.53894,247.46344,,,,,,
787,1249.311,1014.95294,945.3486328125,244.68983459472656,,,942.7864,245.61746,,,,,,
788,1240.925,1010.9532,946.7074584960938,245.37730407714844,,,946.36194,244.62204,,,,,,
789,1232.4097,1013.0422,947.398681640625,243.84512329101562,,,947.8229,243.49893,,,,,,
790,1221.1633,1009.0941,948.9486694335938,243.28758239746094,,,949.74255,243.4566,,,,,,
791,1209.1262,1007.8411,951.838134765625,243.8712615966797,,,953.31384,240.43805,,,,,,
792,1200.1641,1005.0507,953.77001953125,241.81558227539062,,,955.3541,243.0914,,,,,,
793,1182.121,1003.1778,957.548095703125,242.80874633789062,,,958.67664,243.80392,,,,,,
794,1155.5491,997.02704,959.525634765625,242.39955139160156,,,959.10315,242.24863,,,,,,
795,1128.7075,998.39905,961.6171875,245.16806030273438,,,960.6958,244.23474,,,,,,
796,1109.254,1001.3863,962.2915649414062,245.41346740722656,,,962.7565,243.7294,,,,,,
797,1095.6029,1002.63544,964.2103271484375,243.6786346435547,,,964.98193,242.37686,,,,,,
798,1086.5176,1004.5173,967.5001831054688,244.68260192871094,,,967.28284,242.77475,,,,,,
799,1084.7087,1014.1075,969.6824340820312,243.03282165527344,,,968.6166,242.4628,,,,,,
800,1080.568,1018.1611,970.0178833007812,242.71165466308594,,,968.94543,242.2219,,,,,,
801,1074.7388,1017.9312,970.5250854492188,240.48275756835938,,,969.82434,240.55579,,,,,,
802,1066.0569,1017.9981,970.9259033203125,239.48007202148438,,,971.2578,238.42429,,,,,,
803,1057.0286,1018.6484,972.4110717773438,240.3134307861328,,,972.45483,238.75302,,,,,,
804,1043.5386,1016.22565,973.21142578125,239.86683654785156,,,974.4679,238.1976,,,,,,
805,1035.3733,1012.0317,975.1452026367188,242.1305694580078,,,976.2637,239.00897,,,,,,
806,1028.4502,1015.1927,975.8311157226562,243.13119506835938,,,977.74646,240.13495,,,,,,
807,1020.23883,1014.4832,977.62939453125,240.86087036132812,,,979.5416,239.24142,,,,,,
808,1010.297,1015.2078,979.464111328125,241.44863891601562,,,980.31885,239.54324,,,,,,
809,1001.6548,1019.6415,980.228515625,239.0877685546875,,,981.14185,238.33395,,,,,,
810,989.7126,1023.09796,981.4405517578125,236.75143432617188,980.376220703125,239.4967803955078,982.3373,238.30856,,,,,,
811,979.6912,1029.7444,982.5953979492188,236.14207458496094,,,983.208,238.14227,,,,,,
812,971.82135,1037.311,983.3946533203125,234.8806610107422,,,983.87646,233.66714,,,,,,
813,963.3799,1042.1785,985.7261352539062,236.47178649902344,,,985.49634,239.18503,,,,,,
814,960.86176,1043.7434,986.8385009765625,236.1265411376953,983.8731079101562,235.15208435058594,986.256,238.74371,,,,,,
815,960.76624,1044.1797,987.5870361328125,236.32827758789062,,,986.06946,237.80185,,,,,,
816,960.6163,1044.1495,987.3994140625,238.5106201171875,,,986.48096,237.90051,,,,,,
817,960.6267,1043.1152,987.8875122070312,238.0425567626953,984.5874633789062,236.1134490966797,986.5144,237.53903,,,,,,
818,952.6464,1040.8379,987.7351684570312,238.02978515625,983.0504150390625,238.8739013671875,986.27295,237.61847,,,,,,
819,934.3451,1040.0105,986.8831787109375,236.05682373046875,,,986.8839,237.58566,,,,,,
820,911.41315,1039.2349,986.3373413085938,234.7591552734375,,,986.9503,237.36624,,,,,,
821,891.86884,1042.6951,982.575439453125,237.74684143066406,,,985.00525,238.35464,,,,,,
822,870.65784,1044.263,981.9593505859375,235.7832489013672,,,984.8933,236.2865,,,,,,
823,856.0138,1048.1279,981.2477416992188,235.55030822753906,,,984.3695,235.6637,,,,,,
824,847.4397,1052.0095,979.2919921875,236.02267456054688,,,982.1918,236.70221,,,,,,
825,833.32715,1059.1963,976.9996948242188,236.78965759277344,1502.4837646484375,277.2730407714844,980.5856,236.97809,,,,,,
826,819.0012,1060.6139,975.36572265625,238.01779174804688,1502.1497802734375,276.24395751953125,979.2368,237.85776,,,,,,
827,805.3678,1069.596,974.138671875,239.42491149902344,1500.9063720703125,275.5432434082031,977.6466,238.99454,,,,,,
828,798.2937,1067.1738,973.2451171875,239.2085723876953,1500.2294921875,275.362060546875,974.6018,238.56131,,,,,,
829,784.7197,1074.1597,972.4246215820312,238.7477264404297,1499.259765625,276.46044921875,973.3362,236.91483,,,,,,
830,767.7936,1073.4796,971.1405029296875,240.5056610107422,1498.443115234375,274.95062255859375,972.25476,238.6362,,,,,,
831,743.6322,1075.0327,970.0054321289062,239.49867248535156,1497.72900390625,275.204345703125,970.68164,238.44928,,,,,,
832,716.4128,1072.3176,969.2982177734375,238.2619171142578,1497.5069580078125,275.11529541015625,970.10266,239.4697,,,811.0289306640625,218.30780029296875,,
833,690.50793,1070.6298,1497.0576171875,275.224853515625,968.3673706054688,237.9378204345703,969.255,239.36368,,,797.5266723632812,233.4198455810547,,
834,669.9086,1070.1566,1496.28662109375,275.09375,966.9050903320312,240.37701416015625,966.6891,239.78656,,,785.5867919921875,249.5944366455078,,
835,653.7052,1065.4047,1495.3311767578125,275.23699951171875,963.7490234375,242.12521362304688,965.20496,240.82059,,,771.8106689453125,270.41351318359375,,
836,635.59314,1065.4768,1493.9180908203125,274.9720458984375,962.6253662109375,242.6470184326172,963.75024,240.42844,,,756.133544921875,291.031494140625,,
837,620.03687,1062.223,1493.200439453125,275.0368347167969,961.8387451171875,242.0020751953125,962.08826,239.42764,,,,,,
838,605.1187,1058.5818,1492.6376953125,274.9522705078125,961.59521484375,242.23342895507812,961.37964,240.54239,,,727.292236328125,341.5793762207031,,
839,604.72644,1052.2874,1492.3914794921875,274.56219482421875,960.7767333984375,242.91668701171875,959.5912,240.55399,,,712.70947265625,370.16668701171875,,
840,588.38965,1047.9813,1491.533203125,274.928955078125,958.2811889648438,241.47911071777344,957.3463,239.58221,,,695.2095947265625,401.54400634765625,,
841,571.3706,1041.6577,957.721923828125,241.68711853027344,1490.878173828125,275.088623046875,955.7937,239.517,,,677.9765625,437.78607177734375,,
842,565.099,1039.0836,957.1290893554688,242.39117431640625,1491.1932373046875,275.5806884765625,955.2438,241.2038,,,660.9259033203125,474.9114990234375,,
843,551.4071,1039.6958,956.7117919921875,241.5684356689453,1490.8348388671875,274.124755859375,955.489,240.43823,,,643.0284423828125,515.7932739257812,,
844,535.72046,1037.0438,956.697998046875,241.86117553710938,1490.68017578125,272.77728271484375,955.0001,240.8699,,,625.8531494140625,561.0826416015625,,
845,531.00195,1029.7642,956.4808349609375,241.19725036621094,1490.367919921875,274.1845703125,955.0321,241.4711,,,606.7357177734375,611.053955078125,,
846,521.7838,1029.0681,956.1912231445312,241.16038513183594,1490.2176513671875,274.4688720703125,954.7833,241.29788,,,589.6446533203125,657.6484375,,
847,511.9616,1031.1306,956.173828125,242.16490173339844,1489.749267578125,275.15521240234375,954.89795,242.5167,,,570.8018188476562,647.634521484375,,
848,504.0868,1031.6578,956.8595581054688,242.23219299316406,1488.13037109375,273.6495666503906,955.2893,242.90921,,,552.7517700195312,638.6957397460938,,
849,498.63977,1029.0251,957.0479736328125,242.20751953125,1486.9775390625,273.736572265625,955.10706,243.27551,,,533.6724853515625,630.7158813476562,,
850,495.5856,1032.1101,957.2325439453125,242.5839385986328,1486.392333984375,272.76507568359375,955.1803,243.74295,,,513.127197265625,624.17236328125,,
851,494.4999,1033.2212,957.4266357421875,242.63604736328125,1484.340576171875,273.08258056640625,955.4359,243.98785,,,493.24798583984375,618.078125,,
852,470.60364,1031.4612,957.5899658203125,243.18162536621094,1480.8033447265625,274.27203369140625,955.6278,243.47754,,,471.921875,615.1932983398438,,
853,470.6821,1030.5406,957.9188232421875,243.01148986816406,,,956.0676,243.66013,,,448.8494873046875,612.6090087890625,,
854,470.93234,1029.0417,957.8341064453125,242.56468200683594,,,955.7593,244.53317,,,,,,
855,470.42166,1026.7855,957.9404296875,244.90138244628906,,,957.13354,244.50046,,,401.17486572265625,613.701904296875,,
856,468.57184,1026.2834,958.0745849609375,244.69528198242188,,,957.39465,244.74716,,,375.6859436035156,617.4041137695312,,
857,430.03394,1019.5196,958.432861328125,245.47938537597656,,,957.46875,245.41751,,,350.0653991699219,622.4793090820312,,
858,431.06064,1017.5398,958.2799072265625,245.07371520996094,,,957.8175,243.89206,,,323.49200439453125,631.661376953125,,
859,419.5722,1013.7724,958.6680908203125,245.268310546875,,,958.1293,243.61407,,,294.8538818359375,641.0858154296875,,
860,426.5346,1014.4709,959.1685180664062,245.17080688476562,,,958.2825,245.11334,,,318.5790710449219,617.2606201171875,,
861,432.53833,1010.5578,959.986083984375,244.9567108154297,,,959.5239,245.79065,,,,,,
862,433.71332,1000.0911,960.3718872070312,243.09059143066406,,,960.30286,245.8689,,,,,,
863,427.41266,984.5563,962.9908447265625,246.93118286132812,,,961.371,245.986,,,604.3615112304688,432.1693420410156,,
864,419.34857,963.2454,962.94775390625,246.94406127929688,,,962.1383,247.73798,,,674.4244384765625,390.8953857421875,,
865,413.5208,973.53876,964.89111328125,248.47325134277344,,,964.0559,247.41565,,,,,,
866,405.04953,979.8379,965.333251953125,248.48416137695312,,,965.00134,244.64163,,,785.845947265625,330.58935546875,,
867,402.73865,978.76196,964.7171630859375,248.71607971191406,,,964.60596,244.57306,,,,,,
868,385.1631,978.7684,964.363037109375,248.38389587402344,1461.162841796875,268.60626220703125,964.87,246.38675,,,870.3317260742188,293.43280029296875,,
869,392.1729,977.1911,964.9187622070312,247.16400146484375,,,965.1051,246.12662,,,904.8343505859375,280.05712890625,,
870,362.63403,978.73663,965.5714111328125,245.97308349609375,,,966.59753,246.46597,,,935.8912353515625,269.53338623046875,,
871,359.0876,976.75934,969.2122192382812,248.8044891357422,1455.345947265625,264.23492431640625,967.07007,245.09406,,,963.999267578125,258.4349365234375,,
872,360.43585,977.13666,973.4434204101562,249.9919891357422,1454.3271484375,264.14971923828125,970.4668,249.87437,,,988.3760375976562,252.52618408203125,,
873,367.10748,977.9826,981.0558471679688,248.76014709472656,1452.934326171875,264.5345764160156,973.879,247.21332,,,1009.660400390625,245.84747314453125,,
874,376.23987,977.33417,1451.14013671875,266.1854553222656,986.0982055664062,245.5095977783203,985.1316,245.70001,980.5742797851562,247.8284912109375,1026.1507568359375,243.33648681640625,,
875,362.37213,977.311,989.343505859375,244.95809936523438,1450.63037109375,265.6895751953125,987.6559,240.46616,,,1044.042236328125,242.1590576171875,,
876,362.97797,976.1141,992.45654296875,243.26390075683594,,,990.90076,242.47665,,,,,,
877,362.05444,971.67645,995.280029296875,243.2295379638672,,,994.6029,237.85028,,,,,,
878,359.756,970.13885,996.9028930664062,244.76376342773438,1446.850341796875,265.34442138671875,995.1598,243.75708,,,,,,
879,361.28665,968.8027,1002.2449951171875,245.64381408691406,1009.3052368164062,247.52735900878906,999.48035,244.96042,,,,,,
880,369.8739,968.6408,1008.77978515625,245.5564422607422,1444.7662353515625,265.74188232421875,1002.8429,246.21158,,,,,,
881,376.15567,968.6686,1009.9575805664062,250.40579223632812,,,1008.4934,248.83075,,,,,,
882,379.8556,971.1707,1013.2213134765625,249.28614807128906,,,1011.64624,247.6597,,,,,,
883,381.29108,973.4577,1016.4385375976562,247.52655029296875,,,1014.62445,247.76178,,,,,,
884,380.69388,973.9268,1023.8544311523438,248.4622039794922,,,1019.4421,247.75562,,,,,,
885,380.89813,973.6256,1030.348876953125,245.8490753173828,,,1026.8235,247.57465,,,,,,
886,380.94803,973.1768,1032.1357421875,245.1398162841797,,,1031.8118,246.69052,,,,,,
887,383.6436,973.42694,1034.68359375,246.06138610839844,,,1034.2466,247.13205,,,,,,
888,383.19525,973.39746,1037.9549560546875,243.63809204101562,,,1039.8606,248.19397,,,,,,
889,379.89618,972.9632,1040.65576171875,244.64576721191406,,,1041.2659,243.11804,,,307.19195556640625,664.46044921875,,
890,375.9487,972.31866,1042.309326171875,245.88876342773438,,,1042.1487,247.37817,,,,,,
891,376.56873,973.9073,1044.3641357421875,245.0302276611328,,,1044.4409,245.33063,,,,,,
892,377.4202,975.8196,1047.2366943359375,244.65208435058594,,,1050.0964,247.64648,,,,,,
893,376.46317,976.56573,1051.207763671875,245.67372131347656,1438.5477294921875,265.16790771484375,1053.1067,247.78244,,,,,,
894,373.6302,980.6977,1054.5523681640625,247.3450469970703,1438.4217529296875,264.1900634765625,1055.2087,247.52359,,,,,,
895,371.47095,981.72235,1062.89404296875,244.40419006347656,,,1059.4648,245.24634,,,,,,
896,373.12964,984.6286,1066.286865234375,243.58644104003906,,,1066.8494,246.04004,,,,,,
897,373.69623,984.1159,1067.388427734375,244.0272216796875,,,1068.602,244.32657,,,,,,
898,374.44128,985.6498,1070.072509765625,245.24249267578125,,,1070.239,243.40027,,,,,,
899,372.80505,985.7934,1074.2222900390625,243.2714080810547,1437.95458984375,262.6219482421875,1073.9951,240.74332,,,,,,
900,373.23578,986.6187,1077.099853515625,242.85507202148438,1437.9822998046875,262.7962646484375,1076.3704,244.93143,,,,,,
901,371.13,985.1545,1078.3248291015625,243.24595642089844,,,1077.99,245.13187,,,,,,
902,372.46558,984.58356,1080.7568359375,243.65370178222656,,,1079.9746,246.52505,,,,,,
903,371.0821,984.56244,1083.631591796875,245.81309509277344,1437.67822265625,260.8025207519531,1082.9453,246.63898,,,,,,
904,367.42493,984.72894,1085.89404296875,243.9393768310547,,,1085.4614,246.45145,,,,,,
905,354.76007,984.6702,1091.075439453125,245.68478393554688,,,1086.8604,245.41898,,,,,,
906,355.79147,985.405,1094.0408935546875,244.27174377441406,,,1090.7549,245.9028,,,,,,
907,355.39285,985.91705,1097.986083984375,244.43138122558594,,,1095.2351,245.39243,,,,,,
908,356.4864,984.56036,1099.7939453125,244.49716186523438,,,1097.4266,245.35455,,,,,,
909,358.02127,984.3857,1102.304931640625,244.27386474609375,,,1100.8699,245.76083,,,,,,
910,358.328,984.29755,,,,,1103.7227,245.534,,,,,,
911,358.67603,984.3033,1105.51904296875,243.81838989257812,,,1105.1172,244.4523,,,,,,
912,356.9029,984.0035,1106.51513671875,242.0013427734375,,,1106.806,241.24637,,,,,,
913,357.3205,984.05206,1109.165771484375,242.31573486328125,,,1109.0276,240.43301,,,,,,
914,357.90686,983.565,1111.261962890625,241.9813690185547,,,1111.0914,241.0646,,,,,,
915,357.99005,980.99615,1112.702392578125,243.16827392578125,,,1113.6389,241.15097,,,,,,
916,357.75537,979.75964,1114.758056640625,245.8563995361328,,,1115.7249,243.36636,,,,,,
917,355.984,984.0964,1117.310791015625,246.8781280517578,,,1118.3148,243.409,,,,,,
918,355.14697,984.60516,1120.334716796875,248.3335418701172,,,1121.3677,246.39612,,,,,,
919,356.358,983.7598,1125.266357421875,242.28515625,,,1124.4468,243.1878,,,,,,
920,356.47217,982.43945,1126.833984375,241.08558654785156,,,1126.1196,243.1879,,,,,,
921,355.40588,985.22504,1128.4683837890625,245.4195556640625,,,1128.2114,241.94403,,,,,,
922,354.92224,985.1007,1131.36669921875,241.21641540527344,,,1129.2195,241.21884,,,,,,
923,354.30377,982.03986,1133.901123046875,239.79592895507812,,,1131.0466,241.686,,,,,,
924,353.4326,981.60175,1136.052978515625,239.17332458496094,,,1132.8228,243.07947,,,,,,
925,353.13556,983.02075,1137.773193359375,240.11778259277344,,,1134.1545,242.59268,,,,,,
926,352.92392,983.5717,1139.9814453125,241.29222106933594,,,1136.7996,242.9108,,,,,,
927,354.91357,982.136,1141.920166015625,240.70037841796875,,,1139.3284,240.60571,,,,,,
928,355.978,981.8544,1144.020263671875,242.12049865722656,,,1141.842,241.17953,,,,,,
929,357.00653,982.91034,1144.387451171875,242.30470275878906,,,1143.8057,241.79858,,,,,,
930,357.891,985.1103,1146.119873046875,242.3221435546875,,,1147.8164,242.87814,,,,,,
931,357.95663,981.5076,1148.314208984375,242.3788604736328,1437.1094970703125,255.5283660888672,1151.0359,242.81476,,,,,,
932,357.47327,979.4618,,,,,1153.5957,241.81726,,,,,,
933,358.4444,983.5942,,,,,1154.5933,240.06592,,,,,,
934,359.85724,983.30524,1155.22412109375,239.6868438720703,,,1154.5723,238.2085,,,,,,
935,358.28635,982.70135,1156.68603515625,238.90420532226562,,,1155.6326,239.16263,,,,,,
936,356.32416,980.43646,1159.2216796875,239.71376037597656,,,1159.6003,238.1698,,,,,,
937,357.5108,980.7198,1160.2122802734375,239.26036071777344,,,1161.3555,239.96133,,,,,,
938,358.49225,980.4624,1162.8681640625,238.2145538330078,,,1164.3433,237.26443,,,,,,
939,362.26733,979.6591,1162.39697265625,238.1718292236328,,,1165.6538,239.86154,,,,,,
940,367.81696,976.5154,,,,,1166.6451,237.66293,,,,,,
941,368.28177,972.13885,,,,,1167.1619,239.04666,,,,,,
942,369.51965,967.4963,,,,,1169.3105,238.39288,,,,,,
943,368.8249,967.3553,,,,,1172.0044,237.94928,,,,,,
944,372.2578,960.4653,1176.4813232421875,236.56686401367188,,,1175.3806,239.16702,,,,,,
945,373.58527,955.87994,1179.737548828125,235.4798126220703,,,1176.5149,238.40826,,,,,,
946,375.01343,944.3057,1181.927490234375,234.24668884277344,,,1178.9324,239.3754,,,,,,
947,373.12756,938.2205,1184.064697265625,234.89451599121094,1182.432373046875,235.17037963867188,1181.6394,239.09482,,,,,,
948,376.37317,932.60986,1186.768310546875,234.41616821289062,,,1183.5149,239.30032,,,,,,
949,376.43024,928.5423,1186.7369384765625,236.12100219726562,,,1189.4275,239.18402,,,,,,
950,379.86646,927.83185,,,,,1190.4426,239.4636,,,,,,
951,381.54852,927.2879,,,,,1192.6619,239.58157,,,,,,
952,382.16058,926.9711,,,,,1197.2307,238.18762,,,,,,
953,382.82202,927.9472,,,,,1199.248,239.09726,,,,,,
954,383.07645,927.8516,,,,,1204.1223,237.71143,,,,,,
955,383.7127,928.4504,1209.9268798828125,232.90782165527344,,,1205.4121,237.2333,,,,,,
956,384.9804,928.243,1211.30078125,237.0198211669922,,,1208.0752,237.28427,,,,,,
957,385.51294,927.3677,1213.34765625,235.67266845703125,,,1212.7683,236.35004,,,,,,
958,385.95648,926.33563,1214.218505859375,234.32290649414062,,,1213.374,237.0264,,,,,,
959,387.43707,925.42865,1216.562255859375,233.93260192871094,,,1216.1951,235.96268,,,,,,
960,389.4937,923.1982,,,,,1218.7839,236.51181,,,,,,
961,390.41693,918.9222,,,,,1221.1785,237.38638,,,,,,
962,391.11884,914.0191,,,,,1224.7615,236.78595,,,,,,
963,392.60712,908.4711,,,,,1227.3762,235.94101,,,,,,
964,395.73486,898.6513,,,,,1229.2576,235.39041,,,,,,
965,398.79657,897.8591,1232.80517578125,236.03677368164062,,,1230.0688,236.29187,,,,,,
966,401.30865,887.35895,1236.542724609375,234.49681091308594,,,1232.1282,238.47418,,,,,,
967,405.8524,881.58514,1238.763916015625,233.18966674804688,,,1237.0837,235.19531,,,,,,
968,406.73865,878.07074,,,,,1244.0984,234.80527,,,,,,
969,409.6093,874.09357,,,,,1248.862,236.57025,,,,,,
970,414.99866,870.7947,,,,,1250.6099,236.10754,,,,,,
971,419.1881,869.38605,,,,,1252.2432,235.5552,,,,,,
972,427.18292,867.7021,,,,,1252.4971,236.0947,,,,,,
973,431.88678,865.1966,,,,,1254.1934,237.68866,,,,,,
974,433.77814,868.43243,,,,,1257.146,235.04755,,,,,,
975,436.35077,868.31683,,,,,1259.6145,235.34225,,,,,,
976,438.15674,869.24615,,,,,1260.9849,235.00296,,,,,,
977,440.18253,867.455,,,,,1263.761,232.28418,,,,,,
978,443.2771,861.2338,,,,,1265.6433,234.26923,,,,,,
979,444.0514,843.3433,,,,,1267.9255,232.60025,,,,,,
980,445.55194,831.5649,,,,,1270.8193,235.41714,,,,,,
981,448.3839,827.51483,,,,,1273.5535,233.16132,,,,,,
982,449.5168,824.6865,,,,,1275.3452,234.85104,,,,,,
983,448.78366,825.40466,,,,,1277.8882,234.26358,,,,,,
984,448.54425,819.378,,,,,1280.6853,234.3605,,,,,,
985,451.02768,820.8716,,,,,1282.5166,232.42505,,,,,,
986,452.03778,822.434,,,,,1283.886,234.76279,,,,,,
987,451.45132,823.1044,,,,,1285.3511,234.12268,,,,,,
988,451.88434,822.5975,,,,,1287.1038,233.15967,,,,,,
989,454.40012,821.98346,,,,,1287.2949,233.70547,,,,,,
